Workbook

Sheet วิธีใช้
B2: วิธีใช้ระบบออกใบแจ้งหนี้ (อพาร์ทเม้นท์ มั่งมีทวีสุข)
B4: ทำทุกเดือน — แค่ 3 ขั้นตอน
B5: ขั้นที่ 1 ไปที่ชีต "บันทึกค่าน้ำไฟ" → กรอกเฉพาะ "ช่องสีเหลือง" คือ ไฟ-เลขใหม่ และ น้ำ-เลขใหม่ ของแต่ละห้อง
B6: (ค่าไฟ ค่าน้ำ และยอดรวม ระบบคำนวณให้เองอัตโนมัติ รวมถึงค่าน้ำขั้นต่ำ 100 บาท — ไม่ต้องคิดเลขเอง)
B7: ขั้นที่ 2 แก้ "เดือนที่แจ้งหนี้" และ "เดือนค่าน้ำ-ไฟ" ที่มุมบนของชีต ให้ตรงกับเดือนปัจจุบัน
B8: ขั้นที่ 3 ไปที่ชีต "ใบแจ้งหนี้" → เลือกห้องจากช่องสีเหลืองมุมขวา → ข้อมูลขึ้นครบทันที → กด Ctrl+P เพื่อพิมพ์ หรือบันทึกเป็น PDF
B10: สิ้นเดือน (เริ่มเดือนใหม่)
B11: ในชีต "บันทึกค่าน้ำไฟ" : เลือกตัวเลขทั้งคอลัมน์ "เลขใหม่" (ทั้งไฟและน้ำ) → Copy → คลิกขวาที่ "เลขเก่า" → วางแบบ "ค่า (Values / 123)"
B12: จากนั้นลบตัวเลขในคอลัมน์ "เลขใหม่" ออก เพื่อเริ่มกรอกของเดือนถัดไป
B14: ข้อควรรู้
B15: • สีเหลือง = พนักงานกรอกเอง สีเทา = ระบบคำนวณอัตโนมัติ (ห้ามแก้ จะทำให้สูตรเสีย)
B16: • แก้ข้อมูลผู้เช่า / ค่าเช่า / ค่าส่วนกลาง / เรทค่าน้ำ-ไฟ / ค่าน้ำขั้นต่ำ ได้ที่ชีต "ผู้เช่า"
... B19: • ยอดเงินเป็นตัวหนังสือ (บาทถ้วน) ใช้ฟังก์ชัน BAHTTEXT ของ Excel ภาษาไทย — หากขึ้น #NAME? แปลว่าเครื่องนั้นไม่ใช่ Excel ภาษาไทย

Sheet บันทึกค่าน้ำไฟ
B1: เดือนที่แจ้งหนี้ (ค่าเช่า) : | D1: พฤษภาคม 2569 | F1: ช่องสีเหลือง = พนักงานกรอก | ช่องสีเทา = คำนวณอัตโนมัติ (ห้ามแก้)
B2: เดือนค่าน้ำ-ค่าไฟ : | D2: เมษายน 2569
A4: ห้อง | B4: ชื่อผู้เช่า | C4: ค่าเช่า | D4: ค่าเฟอร์ | E4: ไฟ-เลขเก่า | F4: ไฟ-เลขใหม่ | G4: หน่วยไฟ | H4: ค่าไฟ | I4: น้ำ-เลขเก่า | J4: น้ำ-เลขใหม่ | K4: หน่วยน้ำ | L4: ค่าน้ำ | M4: ส่วนกลาง | N4: ขยะ | O4: อื่นๆ | P4: รวมทั้งสิ้น
A5: 201 | B5: =IFERROR(VLOOKUP(A5,ผู้เช่า!$A:$N,2,0),"") | C5: =IFERROR(VLOOKUP(A5,ผู้เช่า!$A:$N,5,0),0) | D5: =IFERROR(VLOOKUP(A5,ผู้เช่า!$A:$N,6,0),0) | E5: 4099 | F5: 4191 | G5: =IF(F5="","",F5-E5) | H5: =IF(G5="","",G5*IFERROR(VLOOKUP(A5,ผู้เช่า!$A:$N,9,0),0)) | I5: 93 | J5: 97 | K5: =IF(J5="","",J5-I5) | L5: =IF(K5="","",MAX(K5*IFERROR(VLOOKUP(A5,ผู้เช่า!$A:$N,10,0),0),IFERROR(VLOOKUP(A5,ผู้เช่า!$A:$N,14,0),0))) | M5: =IFERROR(VLOOKUP(A5,ผู้เช่า!$A:$N,7,0),0) | N5: =IFERROR(VLOOKUP(A5,ผู้เช่า!$A:$N,8,0),0) | O5: 0 | P5: =SUM(C5,D5,H5,L5,M5,N5,O5)
A6: 202 | B6: =IFERROR(VLOOKUP(A6,ผู้เช่า!$A:$N,2,0),"") | C6: =IFERROR(VLOOKUP(A6,ผู้เช่า!$A:$N,5,0),0) | D6: =IFERROR(VLOOKUP(A6,ผู้เช่า!$A:$N,6,0),0) | G6: =IF(F6="","",F6-E6) | H6: =IF(G6="","",G6*IFERROR(VLOOKUP(A6,ผู้เช่า!$A:$N,9,0),0)) | K6: =IF(J6="","",J6-I6) | L6: =IF(K6="","",MAX(K6*IFERROR(VLOOKUP(A6,ผู้เช่า!$A:$N,10,0),0),IFERROR(VLOOKUP(A6,ผู้เช่า!$A:$N,14,0),0))) | M6: =IFERROR(VLOOKUP(A6,ผู้เช่า!$A:$N,7,0),0) | N6: =IFERROR(VLOOKUP(A6,ผู้เช่า!$A:$N,8,0),0) | O6: 0 | P6: =SUM(C6,D6,H6,L6,M6,N6,O6)
A7: 203 | B7: =IFERROR(VLOOKUP(A7,ผู้เช่า!$A:$N,2,0),"") | C7: =IFERROR(VLOOKUP(A7,ผู้เช่า!$A:$N,5,0),0) | D7: =IFERROR(VLOOKUP(A7,ผู้เช่า!$A:$N,6,0),0) | E7: 8223 | F7: 8304 | G7: =IF(F7="","",F7-E7) | H7: =IF(G7="","",G7*IFERROR(VLOOKUP(A7,ผู้เช่า!$A:$N,9,0),0)) | I7: 484 | J7: 491 | K7: =IF(J7="","",J7-I7) | L7: =IF(K7="","",MAX(K7*IFERROR(VLOOKUP(A7,ผู้เช่า!$A:$N,10,0),0),IFERROR(VLOOKUP(A7,ผู้เช่า!$A:$N,14,0),0))) | M7: =IFERROR(VLOOKUP(A7,ผู้เช่า!$A:$N,7,0),0) | N7: =IFERROR(VLOOKUP(A7,ผู้เช่า!$A:$N,8,0),0) | O7: 0 | P7: =SUM(C7,D7,H7,L7,M7,N7,O7)
A8: 204 | B8: =IFERROR(VLOOKUP(A8,ผู้เช่า!$A:$N,2,0),"") | C8: =IFERROR(VLOOKUP(A8,ผู้เช่า!$A:$N,5,0),0) | D8: =IFERROR(VLOOKUP(A8,ผู้เช่า!$A:$N,6,0),0) | E8: 6782 | F8: 6860 | G8: =IF(F8="","",F8-E8) | H8: =IF(G8="","",G8*IFERROR(VLOOKUP(A8,ผู้เช่า!$A:$N,9,0),0)) | I8: 549 | J8: 553 | K8: =IF(J8="","",J8-I8) | L8: =IF(K8="","",MAX(K8*IFERROR(VLOOKUP(A8,ผู้เช่า!$A:$N,10,0),0),IFERROR(VLOOKUP(A8,ผู้เช่า!$A:$N,14,0),0))) | M8: =IFERROR(VLOOKUP(A8,ผู้เช่า!$A:$N,7,0),0) | N8: =IFERROR(VLOOKUP(A8,ผู้เช่า!$A:$N,8,0),0) | O8: 0 | P8: =SUM(C8,D8,H8,L8,M8,N8,O8)
A9: 205 | B9: =IFERROR(VLOOKUP(A9,ผู้เช่า!$A:$N,2,0),"") | C9: =IFERROR(VLOOKUP(A9,ผู้เช่า!$A:$N,5,0),0) | D9: =IFERROR(VLOOKUP(A9,ผู้เช่า!$A:$N,6,0),0) | G9: =IF(F9="","",F9-E9) | H9: =IF(G9="","",G9*IFERROR(VLOOKUP(A9,ผู้เช่า!$A:$N,9,0),0)) | K9: =IF(J9="","",J9-I9) | L9: =IF(K9="","",MAX(K9*IFERROR(VLOOKUP(A9,ผู้เช่า!$A:$N,10,0),0),IFERROR(VLOOKUP(A9,ผู้เช่า!$A:$N,14,0),0))) | M9: =IFERROR(VLOOKUP(A9,ผู้เช่า!$A:$N,7,0),0) | N9: =IFERROR(VLOOKUP(A9,ผู้เช่า!$A:$N,8,0),0) | O9: 0 | P9: =SUM(C9,D9,H9,L9,M9,N9,O9)
A10: 206 | B10: =IFERROR(VLOOKUP(A10,ผู้เช่า!$A:$N,2,0),"") | C10: =IFERROR(VLOOKUP(A10,ผู้เช่า!$A:$N,5,0),0) | D10: =IFERROR(VLOOKUP(A10,ผู้เช่า!$A:$N,6,0),0) | E10: 399 | F10: 433 | G10: =IF(F10="","",F10-E10) | H10: =IF(G10="","",G10*IFERROR(VLOOKUP(A10,ผู้เช่า!$A:$N,9,0),0)) | I10: 721 | J10: 729 | K10: =IF(J10="","",J10-I10) | L10: =IF(K10="","",MAX(K10*IFERROR(VLOOKUP(A10,ผู้เช่า!$A:$N,10,0),0),IFERROR(VLOOKUP(A10,ผู้เช่า!$A:$N,14,0),0))) | M10: =IFERROR(VLOOKUP(A10,ผู้เช่า!$A:$N,7,0),0) | N10: =IFERROR(VLOOKUP(A10,ผู้เช่า!$A:$N,8,0),0) | O10: 0 | P10: =SUM(C10,D10,H10,L10,M10,N10,O10)
A11: 207 | B11: =IFERROR(VLOOKUP(A11,ผู้เช่า!$A:$N,2,0),"") | C11: =IFERROR(VLOOKUP(A11,ผู้เช่า!$A:$N,5,0),0) | D11: =IFERROR(VLOOKUP(A11,ผู้เช่า!$A:$N,6,0),0) | E11: 17657 | F11: 18019 | G11: =IF(F11="","",F11-E11) | H11: =IF(G11="","",G11*IFERROR(VLOOKUP(A11,ผู้เช่า!$A:$N,9,0),0)) | I11: 436 | J11: 437 | K11: =IF(J11="","",J11-I11) | L11: =IF(K11="","",MAX(K11*IFERROR(VLOOKUP(A11,ผู้เช่า!$A:$N,10,0),0),IFERROR(VLOOKUP(A11,ผู้เช่า!$A:$N,14,0),0))) | M11: =IFERROR(VLOOKUP(A11,ผู้เช่า!$A:$N,7,0),0) | N11: =IFERROR(VLOOKUP(A11,ผู้เช่า!$A:$N,8,0),0) | O11: 0 | P11: =SUM(C11,D11,H11,L11,M11,N11,O11)
A12: 208 | B12: =IFERROR(VLOOKUP(A12,ผู้เช่า!$A:$N,2,0),"") | C12: =IFERROR(VLOOKUP(A12,ผู้เช่า!$A:$N,5,0),0) | D12: =IFERROR(VLOOKUP(A12,ผู้เช่า!$A:$N,6,0),0) | E12: 1253 | F12: 1786 | G12: =IF(F12="","",F12-E12) | H12: =IF(G12="","",G12*IFERROR(VLOOKUP(A12,ผู้เช่า!$A:$N,9,0),0)) | I12: 502 | J12: 518 | K12: =IF(J12="","",J12-I12) | L12: =IF(K12="","",MAX(K12*IFERROR(VLOOKUP(A12,ผู้เช่า!$A:$N,10,0),0),IFERROR(VLOOKUP(A12,ผู้เช่า!$A:$N,14,0),0))) | M12: =IFERROR(VLOOKUP(A12,ผู้เช่า!$A:$N,7,0),0) | N12: =IFERROR(VLOOKUP(A12,ผู้เช่า!$A:$N,8,0),0) | O12: 0 | P12: =SUM(C12,D12,H12,L12,M12,N12,O12)
A13: 209 | B13: =IFERROR(VLOOKUP(A13,ผู้เช่า!$A:$N,2,0),"") | C13: =IFERROR(VLOOKUP(A13,ผู้เช่า!$A:$N,5,0),0) | D13: =IFERROR(VLOOKUP(A13,ผู้เช่า!$A:$N,6,0),0) | E13: 50 | F13: 233 | G13: =IF(F13="","",F13-E13) | H13: =IF(G13="","",G13*IFERROR(VLOOKUP(A13,ผู้เช่า!$A:$N,9,0),0)) | I13: 533 | J13: 538 | K13: =IF(J13="","",J13-I13) | L13: =IF(K13="","",MAX(K13*IFERROR(VLOOKUP(A13,ผู้เช่า!$A:$N,10,0),0),IFERROR(VLOOKUP(A13,ผู้เช่า!$A:$N,14,0),0))) | M13: =IFERROR(VLOOKUP(A13,ผู้เช่า!$A:$N,7,0),0) | N13: =IFERROR(VLOOKUP(A13,ผู้เช่า!$A:$N,8,0),0) | O13: 0 | P13: =SUM(C13,D13,H13,L13,M13,N13,O13)
A14: 210 | B14: =IFERROR(VLOOKUP(A14,ผู้เช่า!$A:$N,2,0),"") | C14: =IFERROR(VLOOKUP(A14,ผู้เช่า!$A:$N,5,0),0) | D14: =IFERROR(VLOOKUP(A14,ผู้เช่า!$A:$N,6,0),0) | E14: 9210 | F14: 9403 | G14: =IF(F14="","",F14-E14) | H14: =IF(G14="","",G14*IFERROR(VLOOKUP(A14,ผู้เช่า!$A:$N,9,0),0)) | I14: 597 | J14: 602 | K14: =IF(J14="","",J14-I14) | L14: =IF(K14="","",MAX(K14*IFERROR(VLOOKUP(A14,ผู้เช่า!$A:$N,10,0),0),IFERROR(VLOOKUP(A14,ผู้เช่า!$A:$N,14,0),0))) | M14: =IFERROR(VLOOKUP(A14,ผู้เช่า!$A:$N,7,0),0) | N14: =IFERROR(VLOOKUP(A14,ผู้เช่า!$A:$N,8,0),0) | O14: 0 | P14: =SUM(C14,D14,H14,L14,M14,N14,O14)
A15: 211 | B15: =IFERROR(VLOOKUP(A15,ผู้เช่า!$A:$N,2,0),"") | C15: =IFERROR(VLOOKUP(A15,ผู้เช่า!$A:$N,5,0),0) | D15: =IFERROR(VLOOKUP(A15,ผู้เช่า!$A:$N,6,0),0) | E15: 5982 | F15: 6195 | G15: =IF(F15="","",F15-E15) | H15: =IF(G15="","",G15*IFERROR(VLOOKUP(A15,ผู้เช่า!$A:$N,9,0),0)) | I15: 210 | J15: 213 | K15: =IF(J15="","",J15-I15) | L15: =IF(K15="","",MAX(K15*IFERROR(VLOOKUP(A15,ผู้เช่า!$A:$N,10,0),0),IFERROR(VLOOKUP(A15,ผู้เช่า!$A:$N,14,0),0))) | M15: =IFERROR(VLOOKUP(A15,ผู้เช่า!$A:$N,7,0),0) | N15: =IFERROR(VLOOKUP(A15,ผู้เช่า!$A:$N,8,0),0) | O15: 0 | P15: =SUM(C15,D15,H15,L15,M15,N15,O15)
A16: 212 | B16: =IFERROR(VLOOKUP(A16,ผู้เช่า!$A:$N,2,0),"") | C16: =IFERROR(VLOOKUP(A16,ผู้เช่า!$A:$N,5,0),0) | D16: =IFERROR(VLOOKUP(A16,ผู้เช่า!$A:$N,6,0),0) | E16: 2126 | F16: 2362 | G16: =IF(F16="","",F16-E16) | H16: =IF(G16="","",G16*IFERROR(VLOOKUP(A16,ผู้เช่า!$A:$N,9,0),0)) | I16: 561 | J16: 563 | K16: =IF(J16="","",J16-I16) | L16: =IF(K16="","",MAX(K16*IFERROR(VLOOKUP(A16,ผู้เช่า!$A:$N,10,0),0),IFERROR(VLOOKUP(A16,ผู้เช่า!$A:$N,14,0),0))) | M16: =IFERROR(VLOOKUP(A16,ผู้เช่า!$A:$N,7,0),0) | N16: =IFERROR(VLOOKUP(A16,ผู้เช่า!$A:$N,8,0),0) | O16: 0 | P16: =SUM(C16,D16,H16,L16,M16,N16,O16)
A17: 213 | B17: =IFERROR(VLOOKUP(A17,ผู้เช่า!$A:$N,2,0),"") | C17: =IFERROR(VLOOKUP(A17,ผู้เช่า!$A:$N,5,0),0) | D17: =IFERROR(VLOOKUP(A17,ผู้เช่า!$A:$N,6,0),0) | E17: 9704 | F17: 9752 | G17: =IF(F17="","",F17-E17) | H17: =IF(G17="","",G17*IFERROR(VLOOKUP(A17,ผู้เช่า!$A:$N,9,0),0)) | I17: 345 | J17: 349 | K17: =IF(J17="","",J17-I17) | L17: =IF(K17="","",MAX(K17*IFERROR(VLOOKUP(A17,ผู้เช่า!$A:$N,10,0),0),IFERROR(VLOOKUP(A17,ผู้เช่า!$A:$N,14,0),0))) | M17: =IFERROR(VLOOKUP(A17,ผู้เช่า!$A:$N,7,0),0) | N17: =IFERROR(VLOOKUP(A17,ผู้เช่า!$A:$N,8,0),0) | O17: 0 | P17: =SUM(C17,D17,H17,L17,M17,N17,O17)
A18: 214 | B18: =IFERROR(VLOOKUP(A18,ผู้เช่า!$A:$N,2,0),"") | C18: =IFERROR(VLOOKUP(A18,ผู้เช่า!$A:$N,5,0),0) | D18: =IFERROR(VLOOKUP(A18,ผู้เช่า!$A:$N,6,0),0) | E18: 7449 | F18: 7656 | G18: =IF(F18="","",F18-E18) | H18: =IF(G18="","",G18*IFERROR(VLOOKUP(A18,ผู้เช่า!$A:$N,9,0),0)) | I18: 269 | J18: 274 | K18: =IF(J18="","",J18-I18) | L18: =IF(K18="","",MAX(K18*IFERROR(VLOOKUP(A18,ผู้เช่า!$A:$N,10,0),0),IFERROR(VLOOKUP(A18,ผู้เช่า!$A:$N,14,0),0))) | M18: =IFERROR(VLOOKUP(A18,ผู้เช่า!$A:$N,7,0),0) | N18: =IFERROR(VLOOKUP(A18,ผู้เช่า!$A:$N,8,0),0) | O18: 100 | P18: =SUM(C18,D18,H18,L18,M18,N18,O18)
A19: 215 | B19: =IFERROR(VLOOKUP(A19,ผู้เช่า!$A:$N,2,0),"") | C19: =IFERROR(VLOOKUP(A19,ผู้เช่า!$A:$N,5,0),0) | D19: =IFERROR(VLOOKUP(A19,ผู้เช่า!$A:$N,6,0),0) | E19: 7458 | F19: 7687 | G19: =IF(F19="","",F19-E19) | H19: =IF(G19="","",G19*IFERROR(VLOOKUP(A19,ผู้เช่า!$A:$N,9,0),0)) | I19: 326 | J19: 327 | K19: =IF(J19="","",J19-I19) | L19: =IF(K19="","",MAX(K19*IFERROR(VLOOKUP(A19,ผู้เช่า!$A:$N,10,0),0),IFERROR(VLOOKUP(A19,ผู้เช่า!$A:$N,14,0),0))) | M19: =IFERROR(VLOOKUP(A19,ผู้เช่า!$A:$N,7,0),0) | N19: =IFERROR(VLOOKUP(A19,ผู้เช่า!$A:$N,8,0),0) | O19: 0 | P19: =SUM(C19,D19,H19,L19,M19,N19,O19)
A20: 216 | B20: =IFERROR(VLOOKUP(A20,ผู้เช่า!$A:$N,2,0),"") | C20: =IFERROR(VLOOKUP(A20,ผู้เช่า!$A:$N,5,0),0) | D20: =IFERROR(VLOOKUP(A20,ผู้เช่า!$A:$N,6,0),0) | E20: 1855 | F20: 1887 | G20: =IF(F20="","",F20-E20) | H20: =IF(G20="","",G20*IFERROR(VLOOKUP(A20,ผู้เช่า!$A:$N,9,0),0)) | I20: 487 | J20: 492 | K20: =IF(J20="","",J20-I20) | L20: =IF(K20="","",MAX(K20*IFERROR(VLOOKUP(A20,ผู้เช่า!$A:$N,10,0),0),IFERROR(VLOOKUP(A20,ผู้เช่า!$A:$N,14,0),0))) | M20: =IFERROR(VLOOKUP(A20,ผู้เช่า!$A:$N,7,0),0) | N20: =IFERROR(VLOOKUP(A20,ผู้เช่า!$A:$N,8,0),0) | O20: 0 | P20: =SUM(C20,D20,H20,L20,M20,N20,O20)
A21: 217 | B21: =IFERROR(VLOOKUP(A21,ผู้เช่า!$A:$N,2,0),"") | C21: =IFERROR(VLOOKUP(A21,ผู้เช่า!$A:$N,5,0),0) | D21: =IFERROR(VLOOKUP(A21,ผู้เช่า!$A:$N,6,0),0) | E21: 1855 | F21: 1940 | G21: =IF(F21="","",F21-E21) | H21: =IF(G21="","",G21*IFERROR(VLOOKUP(A21,ผู้เช่า!$A:$N,9,0),0)) | I21: 364 | J21: 365 | K21: =IF(J21="","",J21-I21) | L21: =IF(K21="","",MAX(K21*IFERROR(VLOOKUP(A21,ผู้เช่า!$A:$N,10,0),0),IFERROR(VLOOKUP(A21,ผู้เช่า!$A:$N,14,0),0))) | M21: =IFERROR(VLOOKUP(A21,ผู้เช่า!$A:$N,7,0),0) | N21: =IFERROR(VLOOKUP(A21,ผู้เช่า!$A:$N,8,0),0) | O21: 0 | P21: =SUM(C21,D21,H21,L21,M21,N21,O21)
... A34: 312 | B34: =IFERROR(VLOOKUP(A34,ผู้เช่า!$A:$N,2,0),"") | C34: =IFERROR(VLOOKUP(A34,ผู้เช่า!$A:$N,5,0),0) | D34: =IFERROR(VLOOKUP(A34,ผู้เช่า!$A:$N,6,0),0) | E34: 2617 | F34: 2708 | G34: =IF(F34="","",F34-E34) | H34: =IF(G34="","",G34*IFERROR(VLOOKUP(A34,ผู้เช่า!$A:$N,9,0),0)) | I34: 260 | J34: 261 | K34: =IF(J34="","",J34-I34) | L34: =IF(K34="","",MAX(K34*IFERROR(VLOOKUP(A34,ผู้เช่า!$A:$N,10,0),0),IFERROR(VLOOKUP(A34,ผู้เช่า!$A:$N,14,0),0))) | M34: =IFERROR(VLOOKUP(A34,ผู้เช่า!$A:$N,7,0),0) | N34: =IFERROR(VLOOKUP(A34,ผู้เช่า!$A:$N,8,0),0) | O34: 0 | P34: =SUM(C34,D34,H34,L34,M34,N34,O34)
A35: 313 | B35: =IFERROR(VLOOKUP(A35,ผู้เช่า!$A:$N,2,0),"") | C35: =IFERROR(VLOOKUP(A35,ผู้เช่า!$A:$N,5,0),0) | D35: =IFERROR(VLOOKUP(A35,ผู้เช่า!$A:$N,6,0),0) | G35: =IF(F35="","",F35-E35) | H35: =IF(G35="","",G35*IFERROR(VLOOKUP(A35,ผู้เช่า!$A:$N,9,0),0)) | K35: =IF(J35="","",J35-I35) | L35: =IF(K35="","",MAX(K35*IFERROR(VLOOKUP(A35,ผู้เช่า!$A:$N,10,0),0),IFERROR(VLOOKUP(A35,ผู้เช่า!$A:$N,14,0),0))) | M35: =IFERROR(VLOOKUP(A35,ผู้เช่า!$A:$N,7,0),0) | N35: =IFERROR(VLOOKUP(A35,ผู้เช่า!$A:$N,8,0),0) | O35: 0 | P35: =SUM(C35,D35,H35,L35,M35,N35,O35)
A36: 314 | B36: =IFERROR(VLOOKUP(A36,ผู้เช่า!$A:$N,2,0),"") | C36: =IFERROR(VLOOKUP(A36,ผู้เช่า!$A:$N,5,0),0) | D36: =IFERROR(VLOOKUP(A36,ผู้เช่า!$A:$N,6,0),0) | E36: 7740 | F36: 7783 | G36: =IF(F36="","",F36-E36) | H36: =IF(G36="","",G36*IFERROR(VLOOKUP(A36,ผู้เช่า!$A:$N,9,0),0)) | I36: 312 | J36: 317 | K36: =IF(J36="","",J36-I36) | L36: =IF(K36="","",MAX(K36*IFERROR(VLOOKUP(A36,ผู้เช่า!$A:$N,10,0),0),IFERROR(VLOOKUP(A36,ผู้เช่า!$A:$N,14,0),0))) | M36: =IFERROR(VLOOKUP(A36,ผู้เช่า!$A:$N,7,0),0) | N36: =IFERROR(VLOOKUP(A36,ผู้เช่า!$A:$N,8,0),0) | O36: 250 | P36: =SUM(C36,D36,H36,L36,M36,N36,O36)
A37: 315 | B37: =IFERROR(VLOOKUP(A37,ผู้เช่า!$A:$N,2,0),"") | C37: =IFERROR(VLOOKUP(A37,ผู้เช่า!$A:$N,5,0),0) | D37: =IFERROR(VLOOKUP(A37,ผู้เช่า!$A:$N,6,0),0) | E37: 6422 | F37: 6637 | G37: =IF(F37="","",F37-E37) | H37: =IF(G37="","",G37*IFERROR(VLOOKUP(A37,ผู้เช่า!$A:$N,9,0),0)) | I37: 226 | J37: 231 | K37: =IF(J37="","",J37-I37) | L37: =IF(K37="","",MAX(K37*IFERROR(VLOOKUP(A37,ผู้เช่า!$A:$N,10,0),0),IFERROR(VLOOKUP(A37,ผู้เช่า!$A:$N,14,0),0))) | M37: =IFERROR(VLOOKUP(A37,ผู้เช่า!$A:$N,7,0),0) | N37: =IFERROR(VLOOKUP(A37,ผู้เช่า!$A:$N,8,0),0) | O37: 150 | P37: =SUM(C37,D37,H37,L37,M37,N37,O37)
A38: 316 | B38: =IFERROR(VLOOKUP(A38,ผู้เช่า!$A:$N,2,0),"") | C38: =IFERROR(VLOOKUP(A38,ผู้เช่า!$A:$N,5,0),0) | D38: =IFERROR(VLOOKUP(A38,ผู้เช่า!$A:$N,6,0),0) | E38: 9923 | F38: 9984 | G38: =IF(F38="","",F38-E38) | H38: =IF(G38="","",G38*IFERROR(VLOOKUP(A38,ผู้เช่า!$A:$N,9,0),0)) | I38: 334 | J38: 339 | K38: =IF(J38="","",J38-I38) | L38: =IF(K38="","",MAX(K38*IFERROR(VLOOKUP(A38,ผู้เช่า!$A:$N,10,0),0),IFERROR(VLOOKUP(A38,ผู้เช่า!$A:$N,14,0),0))) | M38: =IFERROR(VLOOKUP(A38,ผู้เช่า!$A:$N,7,0),0) | N38: =IFERROR(VLOOKUP(A38,ผู้เช่า!$A:$N,8,0),0) | O38: 0 | P38: =SUM(C38,D38,H38,L38,M38,N38,O38)
A39: 317 | B39: =IFERROR(VLOOKUP(A39,ผู้เช่า!$A:$N,2,0),"") | C39: =IFERROR(VLOOKUP(A39,ผู้เช่า!$A:$N,5,0),0) | D39: =IFERROR(VLOOKUP(A39,ผู้เช่า!$A:$N,6,0),0) | G39: =IF(F39="","",F39-E39) | H39: =IF(G39="","",G39*IFERROR(VLOOKUP(A39,ผู้เช่า!$A:$N,9,0),0)) | K39: =IF(J39="","",J39-I39) | L39: =IF(K39="","",MAX(K39*IFERROR(VLOOKUP(A39,ผู้เช่า!$A:$N,10,0),0),IFERROR(VLOOKUP(A39,ผู้เช่า!$A:$N,14,0),0))) | M39: =IFERROR(VLOOKUP(A39,ผู้เช่า!$A:$N,7,0),0) | N39: =IFERROR(VLOOKUP(A39,ผู้เช่า!$A:$N,8,0),0) | O39: 0 | P39: =SUM(C39,D39,H39,L39,M39,N39,O39)
A40: 318 | B40: =IFERROR(VLOOKUP(A40,ผู้เช่า!$A:$N,2,0),"") | C40: =IFERROR(VLOOKUP(A40,ผู้เช่า!$A:$N,5,0),0) | D40: =IFERROR(VLOOKUP(A40,ผู้เช่า!$A:$N,6,0),0) | E40: 1656 | F40: 1732 | G40: =IF(F40="","",F40-E40) | H40: =IF(G40="","",G40*IFERROR(VLOOKUP(A40,ผู้เช่า!$A:$N,9,0),0)) | I40: 220 | J40: 223 | K40: =IF(J40="","",J40-I40) | L40: =IF(K40="","",MAX(K40*IFERROR(VLOOKUP(A40,ผู้เช่า!$A:$N,10,0),0),IFERROR(VLOOKUP(A40,ผู้เช่า!$A:$N,14,0),0))) | M40: =IFERROR(VLOOKUP(A40,ผู้เช่า!$A:$N,7,0),0) | N40: =IFERROR(VLOOKUP(A40,ผู้เช่า!$A:$N,8,0),0) | O40: 0 | P40: =SUM(C40,D40,H40,L40,M40,N40,O40)
A41: 401 | B41: =IFERROR(VLOOKUP(A41,ผู้เช่า!$A:$N,2,0),"") | C41: =IFERROR(VLOOKUP(A41,ผู้เช่า!$A:$N,5,0),0) | D41: =IFERROR(VLOOKUP(A41,ผู้เช่า!$A:$N,6,0),0) | E41: 5901 | F41: 6153 | G41: =IF(F41="","",F41-E41) | H41: =IF(G41="","",G41*IFERROR(VLOOKUP(A41,ผู้เช่า!$A:$N,9,0),0)) | I41: 377 | J41: 378 | K41: =IF(J41="","",J41-I41) | L41: =IF(K41="","",MAX(K41*IFERROR(VLOOKUP(A41,ผู้เช่า!$A:$N,10,0),0),IFERROR(VLOOKUP(A41,ผู้เช่า!$A:$N,14,0),0))) | M41: =IFERROR(VLOOKUP(A41,ผู้เช่า!$A:$N,7,0),0) | N41: =IFERROR(VLOOKUP(A41,ผู้เช่า!$A:$N,8,0),0) | O41: 250 | P41: =SUM(C41,D41,H41,L41,M41,N41,O41)
A42: 402 | B42: =IFERROR(VLOOKUP(A42,ผู้เช่า!$A:$N,2,0),"") | C42: =IFERROR(VLOOKUP(A42,ผู้เช่า!$A:$N,5,0),0) | D42: =IFERROR(VLOOKUP(A42,ผู้เช่า!$A:$N,6,0),0) | E42: 7864 | F42: 8226 | G42: =IF(F42="","",F42-E42) | H42: =IF(G42="","",G42*IFERROR(VLOOKUP(A42,ผู้เช่า!$A:$N,9,0),0)) | I42: 432 | J42: 441 | K42: =IF(J42="","",J42-I42) | L42: =IF(K42="","",MAX(K42*IFERROR(VLOOKUP(A42,ผู้เช่า!$A:$N,10,0),0),IFERROR(VLOOKUP(A42,ผู้เช่า!$A:$N,14,0),0))) | M42: =IFERROR(VLOOKUP(A42,ผู้เช่า!$A:$N,7,0),0) | N42: =IFERROR(VLOOKUP(A42,ผู้เช่า!$A:$N,8,0),0) | O42: 0 | P42: =SUM(C42,D42,H42,L42,M42,N42,O42)
A43: 403 | B43: =IFERROR(VLOOKUP(A43,ผู้เช่า!$A:$N,2,0),"") | C43: =IFERROR(VLOOKUP(A43,ผู้เช่า!$A:$N,5,0),0) | D43: =IFERROR(VLOOKUP(A43,ผู้เช่า!$A:$N,6,0),0) | E43: 1250 | F43: 1262 | G43: =IF(F43="","",F43-E43) | H43: =IF(G43="","",G43*IFERROR(VLOOKUP(A43,ผู้เช่า!$A:$N,9,0),0)) | I43: 349 | J43: 356 | K43: =IF(J43="","",J43-I43) | L43: =IF(K43="","",MAX(K43*IFERROR(VLOOKUP(A43,ผู้เช่า!$A:$N,10,0),0),IFERROR(VLOOKUP(A43,ผู้เช่า!$A:$N,14,0),0))) | M43: =IFERROR(VLOOKUP(A43,ผู้เช่า!$A:$N,7,0),0) | N43: =IFERROR(VLOOKUP(A43,ผู้เช่า!$A:$N,8,0),0) | O43: 0 | P43: =SUM(C43,D43,H43,L43,M43,N43,O43)
A44: 404 | B44: =IFERROR(VLOOKUP(A44,ผู้เช่า!$A:$N,2,0),"") | C44: =IFERROR(VLOOKUP(A44,ผู้เช่า!$A:$N,5,0),0) | D44: =IFERROR(VLOOKUP(A44,ผู้เช่า!$A:$N,6,0),0) | E44: 8938 | F44: 8944 | G44: =IF(F44="","",F44-E44) | H44: =IF(G44="","",G44*IFERROR(VLOOKUP(A44,ผู้เช่า!$A:$N,9,0),0)) | I44: 315 | J44: 316 | K44: =IF(J44="","",J44-I44) | L44: =IF(K44="","",MAX(K44*IFERROR(VLOOKUP(A44,ผู้เช่า!$A:$N,10,0),0),IFERROR(VLOOKUP(A44,ผู้เช่า!$A:$N,14,0),0))) | M44: =IFERROR(VLOOKUP(A44,ผู้เช่า!$A:$N,7,0),0) | N44: =IFERROR(VLOOKUP(A44,ผู้เช่า!$A:$N,8,0),0) | O44: 0 | P44: =SUM(C44,D44,H44,L44,M44,N44,O44)
A45: 405 | B45: =IFERROR(VLOOKUP(A45,ผู้เช่า!$A:$N,2,0),"") | C45: =IFERROR(VLOOKUP(A45,ผู้เช่า!$A:$N,5,0),0) | D45: =IFERROR(VLOOKUP(A45,ผู้เช่า!$A:$N,6,0),0) | E45: 12090 | F45: 12262 | G45: =IF(F45="","",F45-E45) | H45: =IF(G45="","",G45*IFERROR(VLOOKUP(A45,ผู้เช่า!$A:$N,9,0),0)) | I45: 320 | J45: 325 | K45: =IF(J45="","",J45-I45) | L45: =IF(K45="","",MAX(K45*IFERROR(VLOOKUP(A45,ผู้เช่า!$A:$N,10,0),0),IFERROR(VLOOKUP(A45,ผู้เช่า!$A:$N,14,0),0))) | M45: =IFERROR(VLOOKUP(A45,ผู้เช่า!$A:$N,7,0),0) | N45: =IFERROR(VLOOKUP(A45,ผู้เช่า!$A:$N,8,0),0) | O45: 100 | P45: =SUM(C45,D45,H45,L45,M45,N45,O45)
A46: 406 | B46: =IFERROR(VLOOKUP(A46,ผู้เช่า!$A:$N,2,0),"") | C46: =IFERROR(VLOOKUP(A46,ผู้เช่า!$A:$N,5,0),0) | D46: =IFERROR(VLOOKUP(A46,ผู้เช่า!$A:$N,6,0),0) | E46: 4992 | F46: 5157 | G46: =IF(F46="","",F46-E46) | H46: =IF(G46="","",G46*IFERROR(VLOOKUP(A46,ผู้เช่า!$A:$N,9,0),0)) | I46: 467 | J46: 475 | K46: =IF(J46="","",J46-I46) | L46: =IF(K46="","",MAX(K46*IFERROR(VLOOKUP(A46,ผู้เช่า!$A:$N,10,0),0),IFERROR(VLOOKUP(A46,ผู้เช่า!$A:$N,14,0),0))) | M46: =IFERROR(VLOOKUP(A46,ผู้เช่า!$A:$N,7,0),0) | N46: =IFERROR(VLOOKUP(A46,ผู้เช่า!$A:$N,8,0),0) | O46: 300 | P46: =SUM(C46,D46,H46,L46,M46,N46,O46)
A47: 407 | B47: =IFERROR(VLOOKUP(A47,ผู้เช่า!$A:$N,2,0),"") | C47: =IFERROR(VLOOKUP(A47,ผู้เช่า!$A:$N,5,0),0) | D47: =IFERROR(VLOOKUP(A47,ผู้เช่า!$A:$N,6,0),0) | E47: 2083 | F47: 2175 | G47: =IF(F47="","",F47-E47) | H47: =IF(G47="","",G47*IFERROR(VLOOKUP(A47,ผู้เช่า!$A:$N,9,0),0)) | I47: 331 | J47: 336 | K47: =IF(J47="","",J47-I47) | L47: =IF(K47="","",MAX(K47*IFERROR(VLOOKUP(A47,ผู้เช่า!$A:$N,10,0),0),IFERROR(VLOOKUP(A47,ผู้เช่า!$A:$N,14,0),0))) | M47: =IFERROR(VLOOKUP(A47,ผู้เช่า!$A:$N,7,0),0) | N47: =IFERROR(VLOOKUP(A47,ผู้เช่า!$A:$N,8,0),0) | O47: 250 | P47: =SUM(C47,D47,H47,L47,M47,N47,O47)
A48: 408 | B48: =IFERROR(VLOOKUP(A48,ผู้เช่า!$A:$N,2,0),"") | C48: =IFERROR(VLOOKUP(A48,ผู้เช่า!$A:$N,5,0),0) | D48: =IFERROR(VLOOKUP(A48,ผู้เช่า!$A:$N,6,0),0) | E48: 8762 | F48: 8820 | G48: =IF(F48="","",F48-E48) | H48: =IF(G48="","",G48*IFERROR(VLOOKUP(A48,ผู้เช่า!$A:$N,9,0),0)) | I48: 314 | J48: 319 | K48: =IF(J48="","",J48-I48) | L48: =IF(K48="","",MAX(K48*IFERROR(VLOOKUP(A48,ผู้เช่า!$A:$N,10,0),0),IFERROR(VLOOKUP(A48,ผู้เช่า!$A:$N,14,0),0))) | M48: =IFERROR(VLOOKUP(A48,ผู้เช่า!$A:$N,7,0),0) | N48: =IFERROR(VLOOKUP(A48,ผู้เช่า!$A:$N,8,0),0) | O48: 250 | P48: =SUM(C48,D48,H48,L48,M48,N48,O48)
A49: 409 | B49: =IFERROR(VLOOKUP(A49,ผู้เช่า!$A:$N,2,0),"") | C49: =IFERROR(VLOOKUP(A49,ผู้เช่า!$A:$N,5,0),0) | D49: =IFERROR(VLOOKUP(A49,ผู้เช่า!$A:$N,6,0),0) | E49: 1887 | F49: 2151 | G49: =IF(F49="","",F49-E49) | H49: =IF(G49="","",G49*IFERROR(VLOOKUP(A49,ผู้เช่า!$A:$N,9,0),0)) | I49: 401 | J49: 407 | K49: =IF(J49="","",J49-I49) | L49: =IF(K49="","",MAX(K49*IFERROR(VLOOKUP(A49,ผู้เช่า!$A:$N,10,0),0),IFERROR(VLOOKUP(A49,ผู้เช่า!$A:$N,14,0),0))) | M49: =IFERROR(VLOOKUP(A49,ผู้เช่า!$A:$N,7,0),0) | N49: =IFERROR(VLOOKUP(A49,ผู้เช่า!$A:$N,8,0),0) | O49: 300 | P49: =SUM(C49,D49,H49,L49,M49,N49,O49)
A50: 410 | B50: =IFERROR(VLOOKUP(A50,ผู้เช่า!$A:$N,2,0),"") | C50: =IFERROR(VLOOKUP(A50,ผู้เช่า!$A:$N,5,0),0) | D50: =IFERROR(VLOOKUP(A50,ผู้เช่า!$A:$N,6,0),0) | E50: 8781 | F50: 8948 | G50: =IF(F50="","",F50-E50) | H50: =IF(G50="","",G50*IFERROR(VLOOKUP(A50,ผู้เช่า!$A:$N,9,0),0)) | I50: 502 | J50: 515 | K50: =IF(J50="","",J50-I50) | L50: =IF(K50="","",MAX(K50*IFERROR(VLOOKUP(A50,ผู้เช่า!$A:$N,10,0),0),IFERROR(VLOOKUP(A50,ผู้เช่า!$A:$N,14,0),0))) | M50: =IFERROR(VLOOKUP(A50,ผู้เช่า!$A:$N,7,0),0) | N50: =IFERROR(VLOOKUP(A50,ผู้เช่า!$A:$N,8,0),0) | O50: 0 | P50: =SUM(C50,D50,H50,L50,M50,N50,O50)
A51: 411 | B51: =IFERROR(VLOOKUP(A51,ผู้เช่า!$A:$N,2,0),"") | C51: =IFERROR(VLOOKUP(A51,ผู้เช่า!$A:$N,5,0),0) | D51: =IFERROR(VLOOKUP(A51,ผู้เช่า!$A:$N,6,0),0) | E51: 2107 | F51: 2121 | G51: =IF(F51="","",F51-E51) | H51: =IF(G51="","",G51*IFERROR(VLOOKUP(A51,ผู้เช่า!$A:$N,9,0),0)) | I51: 296 | J51: 308 | K51: =IF(J51="","",J51-I51) | L51: =IF(K51="","",MAX(K51*IFERROR(VLOOKUP(A51,ผู้เช่า!$A:$N,10,0),0),IFERROR(VLOOKUP(A51,ผู้เช่า!$A:$N,14,0),0))) | M51: =IFERROR(VLOOKUP(A51,ผู้เช่า!$A:$N,7,0),0) | N51: =IFERROR(VLOOKUP(A51,ผู้เช่า!$A:$N,8,0),0) | O51: 0 | P51: =SUM(C51,D51,H51,L51,M51,N51,O51)
... A68: 510 | B68: =IFERROR(VLOOKUP(A68,ผู้เช่า!$A:$N,2,0),"") | C68: =IFERROR(VLOOKUP(A68,ผู้เช่า!$A:$N,5,0),0) | D68: =IFERROR(VLOOKUP(A68,ผู้เช่า!$A:$N,6,0),0) | E68: 7641 | F68: 7799 | G68: =IF(F68="","",F68-E68) | H68: =IF(G68="","",G68*IFERROR(VLOOKUP(A68,ผู้เช่า!$A:$N,9,0),0)) | I68: 304 | J68: 309 | K68: =IF(J68="","",J68-I68) | L68: =IF(K68="","",MAX(K68*IFERROR(VLOOKUP(A68,ผู้เช่า!$A:$N,10,0),0),IFERROR(VLOOKUP(A68,ผู้เช่า!$A:$N,14,0),0))) | M68: =IFERROR(VLOOKUP(A68,ผู้เช่า!$A:$N,7,0),0) | N68: =IFERROR(VLOOKUP(A68,ผู้เช่า!$A:$N,8,0),0) | O68: 0 | P68: =SUM(C68,D68,H68,L68,M68,N68,O68)
A69: 511 | B69: =IFERROR(VLOOKUP(A69,ผู้เช่า!$A:$N,2,0),"") | C69: =IFERROR(VLOOKUP(A69,ผู้เช่า!$A:$N,5,0),0) | D69: =IFERROR(VLOOKUP(A69,ผู้เช่า!$A:$N,6,0),0) | E69: 6864 | F69: 6982 | G69: =IF(F69="","",F69-E69) | H69: =IF(G69="","",G69*IFERROR(VLOOKUP(A69,ผู้เช่า!$A:$N,9,0),0)) | K69: =IF(J69="","",J69-I69) | L69: =IF(K69="","",MAX(K69*IFERROR(VLOOKUP(A69,ผู้เช่า!$A:$N,10,0),0),IFERROR(VLOOKUP(A69,ผู้เช่า!$A:$N,14,0),0))) | M69: =IFERROR(VLOOKUP(A69,ผู้เช่า!$A:$N,7,0),0) | N69: =IFERROR(VLOOKUP(A69,ผู้เช่า!$A:$N,8,0),0) | O69: 0 | P69: =SUM(C69,D69,H69,L69,M69,N69,O69)
A70: 512 | B70: =IFERROR(VLOOKUP(A70,ผู้เช่า!$A:$N,2,0),"") | C70: =IFERROR(VLOOKUP(A70,ผู้เช่า!$A:$N,5,0),0) | D70: =IFERROR(VLOOKUP(A70,ผู้เช่า!$A:$N,6,0),0) | E70: 5869 | F70: 5946 | G70: =IF(F70="","",F70-E70) | H70: =IF(G70="","",G70*IFERROR(VLOOKUP(A70,ผู้เช่า!$A:$N,9,0),0)) | I70: 557 | J70: 563 | K70: =IF(J70="","",J70-I70) | L70: =IF(K70="","",MAX(K70*IFERROR(VLOOKUP(A70,ผู้เช่า!$A:$N,10,0),0),IFERROR(VLOOKUP(A70,ผู้เช่า!$A:$N,14,0),0))) | M70: =IFERROR(VLOOKUP(A70,ผู้เช่า!$A:$N,7,0),0) | N70: =IFERROR(VLOOKUP(A70,ผู้เช่า!$A:$N,8,0),0) | O70: 0 | P70: =SUM(C70,D70,H70,L70,M70,N70,O70)
A71: 513 | B71: =IFERROR(VLOOKUP(A71,ผู้เช่า!$A:$N,2,0),"") | C71: =IFERROR(VLOOKUP(A71,ผู้เช่า!$A:$N,5,0),0) | D71: =IFERROR(VLOOKUP(A71,ผู้เช่า!$A:$N,6,0),0) | E71: 4403 | F71: 4552 | G71: =IF(F71="","",F71-E71) | H71: =IF(G71="","",G71*IFERROR(VLOOKUP(A71,ผู้เช่า!$A:$N,9,0),0)) | I71: 292 | J71: 299 | K71: =IF(J71="","",J71-I71) | L71: =IF(K71="","",MAX(K71*IFERROR(VLOOKUP(A71,ผู้เช่า!$A:$N,10,0),0),IFERROR(VLOOKUP(A71,ผู้เช่า!$A:$N,14,0),0))) | M71: =IFERROR(VLOOKUP(A71,ผู้เช่า!$A:$N,7,0),0) | N71: =IFERROR(VLOOKUP(A71,ผู้เช่า!$A:$N,8,0),0) | O71: 0 | P71: =SUM(C71,D71,H71,L71,M71,N71,O71)
A72: 514 | B72: =IFERROR(VLOOKUP(A72,ผู้เช่า!$A:$N,2,0),"") | C72: =IFERROR(VLOOKUP(A72,ผู้เช่า!$A:$N,5,0),0) | D72: =IFERROR(VLOOKUP(A72,ผู้เช่า!$A:$N,6,0),0) | E72: 3229 | G72: =IF(F72="","",F72-E72) | H72: =IF(G72="","",G72*IFERROR(VLOOKUP(A72,ผู้เช่า!$A:$N,9,0),0)) | I72: 306 | K72: =IF(J72="","",J72-I72) | L72: =IF(K72="","",MAX(K72*IFERROR(VLOOKUP(A72,ผู้เช่า!$A:$N,10,0),0),IFERROR(VLOOKUP(A72,ผู้เช่า!$A:$N,14,0),0))) | M72: =IFERROR(VLOOKUP(A72,ผู้เช่า!$A:$N,7,0),0) | N72: =IFERROR(VLOOKUP(A72,ผู้เช่า!$A:$N,8,0),0) | O72: 0 | P72: =SUM(C72,D72,H72,L72,M72,N72,O72)
A73: 515 | B73: =IFERROR(VLOOKUP(A73,ผู้เช่า!$A:$N,2,0),"") | C73: =IFERROR(VLOOKUP(A73,ผู้เช่า!$A:$N,5,0),0) | D73: =IFERROR(VLOOKUP(A73,ผู้เช่า!$A:$N,6,0),0) | E73: 7487 | F73: 7902 | G73: =IF(F73="","",F73-E73) | H73: =IF(G73="","",G73*IFERROR(VLOOKUP(A73,ผู้เช่า!$A:$N,9,0),0)) | I73: 397 | J73: 403 | K73: =IF(J73="","",J73-I73) | L73: =IF(K73="","",MAX(K73*IFERROR(VLOOKUP(A73,ผู้เช่า!$A:$N,10,0),0),IFERROR(VLOOKUP(A73,ผู้เช่า!$A:$N,14,0),0))) | M73: =IFERROR(VLOOKUP(A73,ผู้เช่า!$A:$N,7,0),0) | N73: =IFERROR(VLOOKUP(A73,ผู้เช่า!$A:$N,8,0),0) | O73: 250 | P73: =SUM(C73,D73,H73,L73,M73,N73,O73)
A74: 516 | B74: =IFERROR(VLOOKUP(A74,ผู้เช่า!$A:$N,2,0),"") | C74: =IFERROR(VLOOKUP(A74,ผู้เช่า!$A:$N,5,0),0) | D74: =IFERROR(VLOOKUP(A74,ผู้เช่า!$A:$N,6,0),0) | E74: 5317 | F74: 5837 | G74: =IF(F74="","",F74-E74) | H74: =IF(G74="","",G74*IFERROR(VLOOKUP(A74,ผู้เช่า!$A:$N,9,0),0)) | I74: 415 | J74: 420 | K74: =IF(J74="","",J74-I74) | L74: =IF(K74="","",MAX(K74*IFERROR(VLOOKUP(A74,ผู้เช่า!$A:$N,10,0),0),IFERROR(VLOOKUP(A74,ผู้เช่า!$A:$N,14,0),0))) | M74: =IFERROR(VLOOKUP(A74,ผู้เช่า!$A:$N,7,0),0) | N74: =IFERROR(VLOOKUP(A74,ผู้เช่า!$A:$N,8,0),0) | O74: 150 | P74: =SUM(C74,D74,H74,L74,M74,N74,O74)
A75: 517 | B75: =IFERROR(VLOOKUP(A75,ผู้เช่า!$A:$N,2,0),"") | C75: =IFERROR(VLOOKUP(A75,ผู้เช่า!$A:$N,5,0),0) | D75: =IFERROR(VLOOKUP(A75,ผู้เช่า!$A:$N,6,0),0) | E75: 8365 | F75: 8497 | G75: =IF(F75="","",F75-E75) | H75: =IF(G75="","",G75*IFERROR(VLOOKUP(A75,ผู้เช่า!$A:$N,9,0),0)) | I75: 255 | J75: 260 | K75: =IF(J75="","",J75-I75) | L75: =IF(K75="","",MAX(K75*IFERROR(VLOOKUP(A75,ผู้เช่า!$A:$N,10,0),0),IFERROR(VLOOKUP(A75,ผู้เช่า!$A:$N,14,0),0))) | M75: =IFERROR(VLOOKUP(A75,ผู้เช่า!$A:$N,7,0),0) | N75: =IFERROR(VLOOKUP(A75,ผู้เช่า!$A:$N,8,0),0) | O75: 0 | P75: =SUM(C75,D75,H75,L75,M75,N75,O75)
A76: 518 | B76: =IFERROR(VLOOKUP(A76,ผู้เช่า!$A:$N,2,0),"") | C76: =IFERROR(VLOOKUP(A76,ผู้เช่า!$A:$N,5,0),0) | D76: =IFERROR(VLOOKUP(A76,ผู้เช่า!$A:$N,6,0),0) | E76: 5853 | F76: 6047 | G76: =IF(F76="","",F76-E76) | H76: =IF(G76="","",G76*IFERROR(VLOOKUP(A76,ผู้เช่า!$A:$N,9,0),0)) | I76: 247 | J76: 252 | K76: =IF(J76="","",J76-I76) | L76: =IF(K76="","",MAX(K76*IFERROR(VLOOKUP(A76,ผู้เช่า!$A:$N,10,0),0),IFERROR(VLOOKUP(A76,ผู้เช่า!$A:$N,14,0),0))) | M76: =IFERROR(VLOOKUP(A76,ผู้เช่า!$A:$N,7,0),0) | N76: =IFERROR(VLOOKUP(A76,ผู้เช่า!$A:$N,8,0),0) | O76: 0 | P76: =SUM(C76,D76,H76,L76,M76,N76,O76)
A77: 601 | B77: =IFERROR(VLOOKUP(A77,ผู้เช่า!$A:$N,2,0),"") | C77: =IFERROR(VLOOKUP(A77,ผู้เช่า!$A:$N,5,0),0) | D77: =IFERROR(VLOOKUP(A77,ผู้เช่า!$A:$N,6,0),0) | G77: =IF(F77="","",F77-E77) | H77: =IF(G77="","",G77*IFERROR(VLOOKUP(A77,ผู้เช่า!$A:$N,9,0),0)) | K77: =IF(J77="","",J77-I77) | L77: =IF(K77="","",MAX(K77*IFERROR(VLOOKUP(A77,ผู้เช่า!$A:$N,10,0),0),IFERROR(VLOOKUP(A77,ผู้เช่า!$A:$N,14,0),0))) | M77: =IFERROR(VLOOKUP(A77,ผู้เช่า!$A:$N,7,0),0) | N77: =IFERROR(VLOOKUP(A77,ผู้เช่า!$A:$N,8,0),0) | O77: 0 | P77: =SUM(C77,D77,H77,L77,M77,N77,O77)
A78: 602 | B78: =IFERROR(VLOOKUP(A78,ผู้เช่า!$A:$N,2,0),"") | C78: =IFERROR(VLOOKUP(A78,ผู้เช่า!$A:$N,5,0),0) | D78: =IFERROR(VLOOKUP(A78,ผู้เช่า!$A:$N,6,0),0) | E78: 4077 | F78: 4409 | G78: =IF(F78="","",F78-E78) | H78: =IF(G78="","",G78*IFERROR(VLOOKUP(A78,ผู้เช่า!$A:$N,9,0),0)) | I78: 464 | J78: 472 | K78: =IF(J78="","",J78-I78) | L78: =IF(K78="","",MAX(K78*IFERROR(VLOOKUP(A78,ผู้เช่า!$A:$N,10,0),0),IFERROR(VLOOKUP(A78,ผู้เช่า!$A:$N,14,0),0))) | M78: =IFERROR(VLOOKUP(A78,ผู้เช่า!$A:$N,7,0),0) | N78: =IFERROR(VLOOKUP(A78,ผู้เช่า!$A:$N,8,0),0) | O78: 0 | P78: =SUM(C78,D78,H78,L78,M78,N78,O78)
A79: 603 | B79: =IFERROR(VLOOKUP(A79,ผู้เช่า!$A:$N,2,0),"") | C79: =IFERROR(VLOOKUP(A79,ผู้เช่า!$A:$N,5,0),0) | D79: =IFERROR(VLOOKUP(A79,ผู้เช่า!$A:$N,6,0),0) | E79: 8335 | G79: =IF(F79="","",F79-E79) | H79: =IF(G79="","",G79*IFERROR(VLOOKUP(A79,ผู้เช่า!$A:$N,9,0),0)) | I79: 374 | K79: =IF(J79="","",J79-I79) | L79: =IF(K79="","",MAX(K79*IFERROR(VLOOKUP(A79,ผู้เช่า!$A:$N,10,0),0),IFERROR(VLOOKUP(A79,ผู้เช่า!$A:$N,14,0),0))) | M79: =IFERROR(VLOOKUP(A79,ผู้เช่า!$A:$N,7,0),0) | N79: =IFERROR(VLOOKUP(A79,ผู้เช่า!$A:$N,8,0),0) | O79: 300 | P79: =SUM(C79,D79,H79,L79,M79,N79,O79)
A80: 604 | B80: =IFERROR(VLOOKUP(A80,ผู้เช่า!$A:$N,2,0),"") | C80: =IFERROR(VLOOKUP(A80,ผู้เช่า!$A:$N,5,0),0) | D80: =IFERROR(VLOOKUP(A80,ผู้เช่า!$A:$N,6,0),0) | G80: =IF(F80="","",F80-E80) | H80: =IF(G80="","",G80*IFERROR(VLOOKUP(A80,ผู้เช่า!$A:$N,9,0),0)) | K80: =IF(J80="","",J80-I80) | L80: =IF(K80="","",MAX(K80*IFERROR(VLOOKUP(A80,ผู้เช่า!$A:$N,10,0),0),IFERROR(VLOOKUP(A80,ผู้เช่า!$A:$N,14,0),0))) | M80: =IFERROR(VLOOKUP(A80,ผู้เช่า!$A:$N,7,0),0) | N80: =IFERROR(VLOOKUP(A80,ผู้เช่า!$A:$N,8,0),0) | O80: 0 | P80: =SUM(C80,D80,H80,L80,M80,N80,O80)
A81: 605 | B81: =IFERROR(VLOOKUP(A81,ผู้เช่า!$A:$N,2,0),"") | C81: =IFERROR(VLOOKUP(A81,ผู้เช่า!$A:$N,5,0),0) | D81: =IFERROR(VLOOKUP(A81,ผู้เช่า!$A:$N,6,0),0) | G81: =IF(F81="","",F81-E81) | H81: =IF(G81="","",G81*IFERROR(VLOOKUP(A81,ผู้เช่า!$A:$N,9,0),0)) | K81: =IF(J81="","",J81-I81) | L81: =IF(K81="","",MAX(K81*IFERROR(VLOOKUP(A81,ผู้เช่า!$A:$N,10,0),0),IFERROR(VLOOKUP(A81,ผู้เช่า!$A:$N,14,0),0))) | M81: =IFERROR(VLOOKUP(A81,ผู้เช่า!$A:$N,7,0),0) | N81: =IFERROR(VLOOKUP(A81,ผู้เช่า!$A:$N,8,0),0) | O81: 0 | P81: =SUM(C81,D81,H81,L81,M81,N81,O81)
A82: 606 | B82: =IFERROR(VLOOKUP(A82,ผู้เช่า!$A:$N,2,0),"") | C82: =IFERROR(VLOOKUP(A82,ผู้เช่า!$A:$N,5,0),0) | D82: =IFERROR(VLOOKUP(A82,ผู้เช่า!$A:$N,6,0),0) | E82: 6718 | F82: 6826 | G82: =IF(F82="","",F82-E82) | H82: =IF(G82="","",G82*IFERROR(VLOOKUP(A82,ผู้เช่า!$A:$N,9,0),0)) | I82: 169 | J82: 175 | K82: =IF(J82="","",J82-I82) | L82: =IF(K82="","",MAX(K82*IFERROR(VLOOKUP(A82,ผู้เช่า!$A:$N,10,0),0),IFERROR(VLOOKUP(A82,ผู้เช่า!$A:$N,14,0),0))) | M82: =IFERROR(VLOOKUP(A82,ผู้เช่า!$A:$N,7,0),0) | N82: =IFERROR(VLOOKUP(A82,ผู้เช่า!$A:$N,8,0),0) | O82: 0 | P82: =SUM(C82,D82,H82,L82,M82,N82,O82)
A83: 607 | B83: =IFERROR(VLOOKUP(A83,ผู้เช่า!$A:$N,2,0),"") | C83: =IFERROR(VLOOKUP(A83,ผู้เช่า!$A:$N,5,0),0) | D83: =IFERROR(VLOOKUP(A83,ผู้เช่า!$A:$N,6,0),0) | E83: 9999 | F83: 80 | G83: =IF(F83="","",F83-E83) | H83: =IF(G83="","",G83*IFERROR(VLOOKUP(A83,ผู้เช่า!$A:$N,9,0),0)) | I83: 573 | J83: 575 | K83: =IF(J83="","",J83-I83) | L83: =IF(K83="","",MAX(K83*IFERROR(VLOOKUP(A83,ผู้เช่า!$A:$N,10,0),0),IFERROR(VLOOKUP(A83,ผู้เช่า!$A:$N,14,0),0))) | M83: =IFERROR(VLOOKUP(A83,ผู้เช่า!$A:$N,7,0),0) | N83: =IFERROR(VLOOKUP(A83,ผู้เช่า!$A:$N,8,0),0) | O83: 0 | P83: =SUM(C83,D83,H83,L83,M83,N83,O83)
A84: 608 | B84: =IFERROR(VLOOKUP(A84,ผู้เช่า!$A:$N,2,0),"") | C84: =IFERROR(VLOOKUP(A84,ผู้เช่า!$A:$N,5,0),0) | D84: =IFERROR(VLOOKUP(A84,ผู้เช่า!$A:$N,6,0),0) | E84: 3063 | F84: 3416 | G84: =IF(F84="","",F84-E84) | H84: =IF(G84="","",G84*IFERROR(VLOOKUP(A84,ผู้เช่า!$A:$N,9,0),0)) | I84: 594 | J84: 599 | K84: =IF(J84="","",J84-I84) | L84: =IF(K84="","",MAX(K84*IFERROR(VLOOKUP(A84,ผู้เช่า!$A:$N,10,0),0),IFERROR(VLOOKUP(A84,ผู้เช่า!$A:$N,14,0),0))) | M84: =IFERROR(VLOOKUP(A84,ผู้เช่า!$A:$N,7,0),0) | N84: =IFERROR(VLOOKUP(A84,ผู้เช่า!$A:$N,8,0),0) | O84: 400 | P84: =SUM(C84,D84,H84,L84,M84,N84,O84)
A85: 609 | B85: =IFERROR(VLOOKUP(A85,ผู้เช่า!$A:$N,2,0),"") | C85: =IFERROR(VLOOKUP(A85,ผู้เช่า!$A:$N,5,0),0) | D85: =IFERROR(VLOOKUP(A85,ผู้เช่า!$A:$N,6,0),0) | E85: 5923 | F85: 5980 | G85: =IF(F85="","",F85-E85) | H85: =IF(G85="","",G85*IFERROR(VLOOKUP(A85,ผู้เช่า!$A:$N,9,0),0)) | I85: 319 | J85: 324 | K85: =IF(J85="","",J85-I85) | L85: =IF(K85="","",MAX(K85*IFERROR(VLOOKUP(A85,ผู้เช่า!$A:$N,10,0),0),IFERROR(VLOOKUP(A85,ผู้เช่า!$A:$N,14,0),0))) | M85: =IFERROR(VLOOKUP(A85,ผู้เช่า!$A:$N,7,0),0) | N85: =IFERROR(VLOOKUP(A85,ผู้เช่า!$A:$N,8,0),0) | O85: 0 | P85: =SUM(C85,D85,H85,L85,M85,N85,O85)
A86: 610 | B86: =IFERROR(VLOOKUP(A86,ผู้เช่า!$A:$N,2,0),"") | C86: =IFERROR(VLOOKUP(A86,ผู้เช่า!$A:$N,5,0),0) | D86: =IFERROR(VLOOKUP(A86,ผู้เช่า!$A:$N,6,0),0) | E86: 5401 | F86: 5656 | G86: =IF(F86="","",F86-E86) | H86: =IF(G86="","",G86*IFERROR(VLOOKUP(A86,ผู้เช่า!$A:$N,9,0),0)) | I86: 220 | J86: 225 | K86: =IF(J86="","",J86-I86) | L86: =IF(K86="","",MAX(K86*IFERROR(VLOOKUP(A86,ผู้เช่า!$A:$N,10,0),0),IFERROR(VLOOKUP(A86,ผู้เช่า!$A:$N,14,0),0))) | M86: =IFERROR(VLOOKUP(A86,ผู้เช่า!$A:$N,7,0),0) | N86: =IFERROR(VLOOKUP(A86,ผู้เช่า!$A:$N,8,0),0) | O86: 100 | P86: =SUM(C86,D86,H86,L86,M86,N86,O86)
A87: 611 | B87: =IFERROR(VLOOKUP(A87,ผู้เช่า!$A:$N,2,0),"") | C87: =IFERROR(VLOOKUP(A87,ผู้เช่า!$A:$N,5,0),0) | D87: =IFERROR(VLOOKUP(A87,ผู้เช่า!$A:$N,6,0),0) | E87: 5825 | F87: 5854 | G87: =IF(F87="","",F87-E87) | H87: =IF(G87="","",G87*IFERROR(VLOOKUP(A87,ผู้เช่า!$A:$N,9,0),0)) | I87: 255 | J87: 256 | K87: =IF(J87="","",J87-I87) | L87: =IF(K87="","",MAX(K87*IFERROR(VLOOKUP(A87,ผู้เช่า!$A:$N,10,0),0),IFERROR(VLOOKUP(A87,ผู้เช่า!$A:$N,14,0),0))) | M87: =IFERROR(VLOOKUP(A87,ผู้เช่า!$A:$N,7,0),0) | N87: =IFERROR(VLOOKUP(A87,ผู้เช่า!$A:$N,8,0),0) | O87: 0 | P87: =SUM(C87,D87,H87,L87,M87,N87,O87)
A88: 612 | B88: =IFERROR(VLOOKUP(A88,ผู้เช่า!$A:$N,2,0),"") | C88: =IFERROR(VLOOKUP(A88,ผู้เช่า!$A:$N,5,0),0) | D88: =IFERROR(VLOOKUP(A88,ผู้เช่า!$A:$N,6,0),0) | E88: 800 | F88: 1007 | G88: =IF(F88="","",F88-E88) | H88: =IF(G88="","",G88*IFERROR(VLOOKUP(A88,ผู้เช่า!$A:$N,9,0),0)) | I88: 250 | J88: 253 | K88: =IF(J88="","",J88-I88) | L88: =IF(K88="","",MAX(K88*IFERROR(VLOOKUP(A88,ผู้เช่า!$A:$N,10,0),0),IFERROR(VLOOKUP(A88,ผู้เช่า!$A:$N,14,0),0))) | M88: =IFERROR(VLOOKUP(A88,ผู้เช่า!$A:$N,7,0),0) | N88: =IFERROR(VLOOKUP(A88,ผู้เช่า!$A:$N,8,0),0) | O88: 0 | P88: =SUM(C88,D88,H88,L88,M88,N88,O88)
A89: 613 | B89: =IFERROR(VLOOKUP(A89,ผู้เช่า!$A:$N,2,0),"") | C89: =IFERROR(VLOOKUP(A89,ผู้เช่า!$A:$N,5,0),0) | D89: =IFERROR(VLOOKUP(A89,ผู้เช่า!$A:$N,6,0),0) | G89: =IF(F89="","",F89-E89) | H89: =IF(G89="","",G89*IFERROR(VLOOKUP(A89,ผู้เช่า!$A:$N,9,0),0)) | K89: =IF(J89="","",J89-I89) | L89: =IF(K89="","",MAX(K89*IFERROR(VLOOKUP(A89,ผู้เช่า!$A:$N,10,0),0),IFERROR(VLOOKUP(A89,ผู้เช่า!$A:$N,14,0),0))) | M89: =IFERROR(VLOOKUP(A89,ผู้เช่า!$A:$N,7,0),0) | N89: =IFERROR(VLOOKUP(A89,ผู้เช่า!$A:$N,8,0),0) | O89: 0 | P89: =SUM(C89,D89,H89,L89,M89,N89,O89)
A90: 614 | B90: =IFERROR(VLOOKUP(A90,ผู้เช่า!$A:$N,2,0),"") | C90: =IFERROR(VLOOKUP(A90,ผู้เช่า!$A:$N,5,0),0) | D90: =IFERROR(VLOOKUP(A90,ผู้เช่า!$A:$N,6,0),0) | E90: 9057 | F90: 9063 | G90: =IF(F90="","",F90-E90) | H90: =IF(G90="","",G90*IFERROR(VLOOKUP(A90,ผู้เช่า!$A:$N,9,0),0)) | I90: 392 | J90: 397 | K90: =IF(J90="","",J90-I90) | L90: =IF(K90="","",MAX(K90*IFERROR(VLOOKUP(A90,ผู้เช่า!$A:$N,10,0),0),IFERROR(VLOOKUP(A90,ผู้เช่า!$A:$N,14,0),0))) | M90: =IFERROR(VLOOKUP(A90,ผู้เช่า!$A:$N,7,0),0) | N90: =IFERROR(VLOOKUP(A90,ผู้เช่า!$A:$N,8,0),0) | O90: 0 | P90: =SUM(C90,D90,H90,L90,M90,N90,O90)
A91: 615 | B91: =IFERROR(VLOOKUP(A91,ผู้เช่า!$A:$N,2,0),"") | C91: =IFERROR(VLOOKUP(A91,ผู้เช่า!$A:$N,5,0),0) | D91: =IFERROR(VLOOKUP(A91,ผู้เช่า!$A:$N,6,0),0) | G91: =IF(F91="","",F91-E91) | H91: =IF(G91="","",G91*IFERROR(VLOOKUP(A91,ผู้เช่า!$A:$N,9,0),0)) | K91: =IF(J91="","",J91-I91) | L91: =IF(K91="","",MAX(K91*IFERROR(VLOOKUP(A91,ผู้เช่า!$A:$N,10,0),0),IFERROR(VLOOKUP(A91,ผู้เช่า!$A:$N,14,0),0))) | M91: =IFERROR(VLOOKUP(A91,ผู้เช่า!$A:$N,7,0),0) | N91: =IFERROR(VLOOKUP(A91,ผู้เช่า!$A:$N,8,0),0) | O91: 0 | P91: =SUM(C91,D91,H91,L91,M91,N91,O91)
A92: 616 | B92: =IFERROR(VLOOKUP(A92,ผู้เช่า!$A:$N,2,0),"") | C92: =IFERROR(VLOOKUP(A92,ผู้เช่า!$A:$N,5,0),0) | D92: =IFERROR(VLOOKUP(A92,ผู้เช่า!$A:$N,6,0),0) | E92: 6841 | F92: 7015 | G92: =IF(F92="","",F92-E92) | H92: =IF(G92="","",G92*IFERROR(VLOOKUP(A92,ผู้เช่า!$A:$N,9,0),0)) | I92: 54 | J92: 59 | K92: =IF(J92="","",J92-I92) | L92: =IF(K92="","",MAX(K92*IFERROR(VLOOKUP(A92,ผู้เช่า!$A:$N,10,0),0),IFERROR(VLOOKUP(A92,ผู้เช่า!$A:$N,14,0),0))) | M92: =IFERROR(VLOOKUP(A92,ผู้เช่า!$A:$N,7,0),0) | N92: =IFERROR(VLOOKUP(A92,ผู้เช่า!$A:$N,8,0),0) | O92: 0 | P92: =SUM(C92,D92,H92,L92,M92,N92,O92)
A93: 617 | B93: =IFERROR(VLOOKUP(A93,ผู้เช่า!$A:$N,2,0),"") | C93: =IFERROR(VLOOKUP(A93,ผู้เช่า!$A:$N,5,0),0) | D93: =IFERROR(VLOOKUP(A93,ผู้เช่า!$A:$N,6,0),0) | E93: 9026 | G93: =IF(F93="","",F93-E93) | H93: =IF(G93="","",G93*IFERROR(VLOOKUP(A93,ผู้เช่า!$A:$N,9,0),0)) | I93: 350 | K93: =IF(J93="","",J93-I93) | L93: =IF(K93="","",MAX(K93*IFERROR(VLOOKUP(A93,ผู้เช่า!$A:$N,10,0),0),IFERROR(VLOOKUP(A93,ผู้เช่า!$A:$N,14,0),0))) | M93: =IFERROR(VLOOKUP(A93,ผู้เช่า!$A:$N,7,0),0) | N93: =IFERROR(VLOOKUP(A93,ผู้เช่า!$A:$N,8,0),0) | O93: 300 | P93: =SUM(C93,D93,H93,L93,M93,N93,O93)
A94: 618 | B94: =IFERROR(VLOOKUP(A94,ผู้เช่า!$A:$N,2,0),"") | C94: =IFERROR(VLOOKUP(A94,ผู้เช่า!$A:$N,5,0),0) | D94: =IFERROR(VLOOKUP(A94,ผู้เช่า!$A:$N,6,0),0) | E94: 9194 | F94: 9295 | G94: =IF(F94="","",F94-E94) | H94: =IF(G94="","",G94*IFERROR(VLOOKUP(A94,ผู้เช่า!$A:$N,9,0),0)) | I94: 512 | J94: 517 | K94: =IF(J94="","",J94-I94) | L94: =IF(K94="","",MAX(K94*IFERROR(VLOOKUP(A94,ผู้เช่า!$A:$N,10,0),0),IFERROR(VLOOKUP(A94,ผู้เช่า!$A:$N,14,0),0))) | M94: =IFERROR(VLOOKUP(A94,ผู้เช่า!$A:$N,7,0),0) | N94: =IFERROR(VLOOKUP(A94,ผู้เช่า!$A:$N,8,0),0) | O94: 0 | P94: =SUM(C94,D94,H94,L94,M94,N94,O94)

Sheet ใบแจ้งหนี้
A1: ใบแจ้งหนี้ | J1: เลือกห้อง:
A2: อพาร์ทเม้นท์ มั่งมีทวีสุข | J2: 201
A3: 558/1 ถนนท่าดินแดง 16 แขวงคลองสาน เขตคลองสาน กรุงเทพฯ 10600 | J3: ← เลือกห้องที่นี่
A5: ชื่อลูกค้า : | B5: =IFERROR(VLOOKUP($J$2,ผู้เช่า!$A:$N,2,0),"") | F5: ห้อง : | G5: =$J$2
A6: ที่อยู่ : | B6: =IFERROR(VLOOKUP($J$2,ผู้เช่า!$A:$N,3,0),"") | F6: วันที่ : | G6: =TEXT(TODAY(),"d/m/yyyy")
F7: เดือนค่าเช่า : | G7: ='บันทึกค่าน้ำไฟ'!$D$1
F8: เดือนน้ำ-ไฟ : | G8: ='บันทึกค่าน้ำไฟ'!$D$2
A10: ลำดับ | B10: รายการ | D10: จำนวน | E10: หน่วย | F10: ราคา/หน่วย | G10: จำนวนเงิน
A11: 1 | B11: ค่าเช่าห้อง | D11: 1 | E11: ห้อง | F11: =IFERROR(VLOOKUP($J$2,'บันทึกค่าน้ำไฟ'!$A:$P,3,0),0) | G11: =IFERROR(VLOOKUP($J$2,'บันทึกค่าน้ำไฟ'!$A:$P,3,0),0)
A12: 2 | B12: ค่าเช่าเฟอร์นิเจอร์ | D12: 1 | E12: ชุด | F12: =IFERROR(VLOOKUP($J$2,'บันทึกค่าน้ำไฟ'!$A:$P,4,0),0) | G12: =IFERROR(VLOOKUP($J$2,'บันทึกค่าน้ำไฟ'!$A:$P,4,0),0)
A13: 3 | B13: ="ค่าไฟฟ้า (เลขเก่า "&IFERROR(VLOOKUP($J$2,'บันทึกค่าน้ำไฟ'!$A:$P,5,0),"")&" ถึง "&IFERROR(VLOOKUP($J$2,'บันทึกค่าน้ำไฟ'!$A:$P,6,0),"")&")" | D13: =IFERROR(VLOOKUP($J$2,'บันทึกค่าน้ำไฟ'!$A:$P,7,0),0) | E13: ยูนิต | F13: =IFERROR(VLOOKUP($J$2,ผู้เช่า!$A:$N,9,0),0) | G13: =IFERROR(VLOOKUP($J$2,'บันทึกค่าน้ำไฟ'!$A:$P,8,0),0)
A14: 4 | B14: ="ค่าน้ำประปา (เลขเก่า "&IFERROR(VLOOKUP($J$2,'บันทึกค่าน้ำไฟ'!$A:$P,9,0),"")&" ถึง "&IFERROR(VLOOKUP($J$2,'บันทึกค่าน้ำไฟ'!$A:$P,10,0),"")&")" | D14: =IFERROR(VLOOKUP($J$2,'บันทึกค่าน้ำไฟ'!$A:$P,11,0),0) | E14: ยูนิต | F14: =IFERROR(VLOOKUP($J$2,ผู้เช่า!$A:$N,10,0),0) | G14: =IFERROR(VLOOKUP($J$2,'บันทึกค่าน้ำไฟ'!$A:$P,12,0),0)
A15: 5 | B15: ค่าส่วนกลาง | D15: 1 | E15: เดือน | F15: =IFERROR(VLOOKUP($J$2,'บันทึกค่าน้ำไฟ'!$A:$P,13,0),0) | G15: =IFERROR(VLOOKUP($J$2,'บันทึกค่าน้ำไฟ'!$A:$P,13,0),0)
A16: 6 | B16: ค่าขยะ | D16: 1 | E16: เดือน | F16: =IFERROR(VLOOKUP($J$2,'บันทึกค่าน้ำไฟ'!$A:$P,14,0),0) | G16: =IFERROR(VLOOKUP($J$2,'บันทึกค่าน้ำไฟ'!$A:$P,14,0),0)
A17: 7 | B17: อื่นๆ | G17: =IFERROR(VLOOKUP($J$2,'บันทึกค่าน้ำไฟ'!$A:$P,15,0),0)
A18: ="หมายเหตุ : ค่าเช่าห้องเดือน "&'บันทึกค่าน้ำไฟ'!$D$1&" / ค่าน้ำ-ค่าไฟเดือน "&'บันทึกค่าน้ำไฟ'!$D$2
F19: รวมทั้งสิ้น (บาท) | G19: =IFERROR(VLOOKUP($J$2,'บันทึกค่าน้ำไฟ'!$A:$P,16,0),0)
A20: ="(ตัวอักษร) "&IFERROR(BAHTTEXT(IFERROR(VLOOKUP($J$2,'บันทึกค่าน้ำไฟ'!$A:$P,16,0),0)),"")
A22: ชำระเงินผ่าน : ธนาคารเกียรตินาคินภัทร เลขที่บัญชี 20-0208389-2 นายชวนันท์ สุขพรชัยรัก
A23: กรุณาชำระภายในวันที่ 5 ของเดือนถัดไป (ชำระหลังวันที่ 5 คิดค่าธรรมเนียมล่าช้าวันละ 200 บาท)
A24: โอนแล้วกรุณาแจ้งผ่าน LINE ID : MT.Apartment (หากไม่แจ้ง ทางเราจะถือว่ายังไม่ได้รับเงินค่ะ)
F27: ผู้จัดทำ ...............................................

Sheet ผู้เช่า
A1: ห้อง | B1: ชื่อผู้เช่า | C1: ที่อยู่ | D1: เบอร์โทร | E1: ค่าเช่า/เดือน | F1: ค่าเฟอร์/เดือน | G1: ค่าส่วนกลาง | H1: ค่าขยะ | I1: เรทค่าไฟ/หน่วย | J1: เรทค่าน้ำ/หน่วย | K1: เลขที่สัญญา | L1: วันเข้าอยู่ | M1: สถานะ/หมายเหตุ | N1: ค่าน้ำขั้นต่ำ
A2: 201 | B2: นางสาวญาติกาญจน์ การไมตรี | C2: 463/14 หมู่ที่ 4 ต.ท้ายบ้าน อ.เมืองสมุทรปราการ จ.สมุทรปราการ | D2: 064-2461758 | E2: 5500 | F2: 0 | G2: 0 | H2: 0 | I2: 8 | J2: 20 | K2: 201/0001-2569 | L2: 2026-05-15 00:00:00 | M2: ย้ายเข้า 15 พ.ค.69 | N2: 100
A3: 202 | E3: 0 | F3: 0 | G3: 0 | H3: 0 | I3: 8 | J3: 20 | K3: 201/0001-2565 | N3: 100
A4: 203 | B4: นางสาวปัทมา กงกะเรียน | C4: 179 ม.1 ต.ผาสามยอด อ.เอราวัณ จ.เลย | D4: 080-754-4074 | E4: 4500 | F4: 0 | G4: 0 | H4: 0 | I4: 8 | J4: 20 | K4: 203/0004-2564 | L4: 2021-03-28 00:00:00 | N4: 100
A5: 204 | B5: นายธนัท ศรีทอง | C5: 389/152 ม.6 ต.แพรกษา อ.เมือง จ.สมุทรปราการ | D5: 089-4971424 | E5: 4500 | F5: 0 | G5: 0 | H5: 0 | I5: 8 | J5: 20 | K5: 204/0004-2565 | L5: 2022-10-01 00:00:00 | N5: 100
A6: 205 | E6: 0 | F6: 0 | G6: 0 | H6: 0 | I6: 8 | J6: 20 | K6: 205/0001-2569 | M6: ย้ายออก 1 พ.ค.69 | N6: 100
A7: 206 | B7: นางสาวรตนกร ปะนะพุตโต | C7: 2 ม.6 ต.ดงบัง อ.นาดูน จ.มหาสารคาม | D7: 094-9842789 | E7: 5500 | F7: 0 | G7: 0 | H7: 0 | I7: 8 | J7: 20 | K7: 206/0003-2568 | L7: 2025-03-01 00:00:00 | N7: 100
A8: 207 | B8: นายภาสกรณ์ ประทุมพล | C8: 191 ม.6 ต.เมือง อ.เมือง จ.ขอนแก่น | D8: 091-0612524 | E8: 4500 | F8: 0 | G8: 0 | H8: 0 | I8: 8 | J8: 20 | K8: 207/0005-2565 | L8: 2022-07-29 00:00:00 | N8: 100
A9: 208 | B9: shu jie | E9: 4900 | F9: 0 | G9: 0 | H9: 0 | I9: 8 | J9: 20 | K9: 208/0001-2568 | L9: 2025-12-07 00:00:00 | N9: 100
A10: 209 | B10: นางสาวพัชราภรณ์ ช่วยเกลี้ยง | C10: 30/4 ม.1 ต.บ้าหวี อ.หาดสำราญ จ.ตรัง | D10: 092-9162955 | E10: 4500 | F10: 0 | G10: 0 | H10: 0 | I10: 8 | J10: 20 | K10: 209/0005-2566 | L10: 2023-07-02 00:00:00 | N10: 100
A11: 210 | B11: นางสาวเมธาวี ศรีสุวรรณหงษ์ | C11: 41/1 หมู่ที่ 1 ต.เทพมงคล อ.บางซ้าย จ.พระนครศรีอยุธยา | D11: 095-5940915 | E11: 5500 | F11: 0 | G11: 0 | H11: 0 | I11: 8 | J11: 20 | K11: 210/0001-2568 | L11: 2025-11-16 00:00:00 | N11: 100
A12: 211 | B12: นายทวีรัฐ ทองแว่น | C12: 203 หมู่ที่ 2 ต.ธงชัย อ.เมืองเพชรบุรี จ.เพชรบุรี | D12: 063-9264461 | E12: 5500 | F12: 0 | G12: 0 | H12: 0 | I12: 8 | J12: 20 | K12: 211/0001-2569 | L12: 2026-05-01 00:00:00 | M12: ย้ายเข้า 1 พ.ค.69 | N12: 100
A13: 212 | B13: นายศุภาเดช ฉัตระเนตร | C13: 447/27 ถ.พลับพลาไชย แขวงป้อมปราบ เขตป้อมปราบศัตรูพ่าย กทม. | D13: 087-0835723 | E13: 4900 | F13: 0 | G13: 0 | H13: 0 | I13: 8 | J13: 20 | K13: 212/0005-2567 | L13: 2026-04-25 00:00:00 | N13: 100
A14: 213 | B14: นางสาวธัญภรณ์ ขวัญสกุล | C14: 552 ซ.พหลโยธิน87 ซอย 6 แยก 3 ต.ประชาธิปัตย์ อ.ธัญบุรี จ.ปทุมธานี | D14: 064-1610459 | E14: 5500 | F14: 0 | G14: 0 | H14: 0 | I14: 8 | J14: 20 | K14: 213/0001-2569 | L14: 2026-03-28 00:00:00 | N14: 100
A15: 214 | B15: นายธนพนธ์ อ้วนสุชาติ | C15: 63 ม.5 ต.หนองระเวียง อ.พิมาย จ.นครราชสีมา | D15: 085-8577164 | E15: 5000 | F15: 0 | G15: 0 | H15: 0 | I15: 8 | J15: 20 | K15: 214/0004-2567 | L15: 2024-12-09 00:00:00 | N15: 100
A16: 215 | B16: นางสาวณัฐวดี หอมเนียม | C16: 4 ม.1 ต.เฉนียง อ.เมือง จ.สุรินทร์ | D16: 064-1635591 | E16: 5000 | F16: 0 | G16: 0 | H16: 0 | I16: 8 | J16: 20 | K16: 215/0003-2568 | L16: 2025-05-06 00:00:00 | N16: 100
A17: 216 | B17: นายภูวรา อัคระนรากูล | C17: 30 ต.บางแคเหนือ อ.บางแค จ.กทม. | D17: 063-665-5465 | E17: 4500 | F17: 0 | G17: 0 | H17: 0 | I17: 8 | J17: 20 | K17: 216/0003-2564 | L17: 2021-03-04 00:00:00 | N17: 100
A18: 217 | B18: นายธนศักดิ์ ฤกษ์รัตนเศรษฐ์ | C18: โรงงานเทพศักดาอิฐประสาน 144 หมู่ 2 ต.เชื้อเพลง อ.ปราสาท จ.สุรินทร์ | D18: 094-3735152 | E18: 4500 | F18: 0 | G18: 250 | H18: 50 | I18: 5 | J18: 15 | K18: 217/0002-2560 | L18: 2017-09-01 00:00:00 | N18: 0
A19: 218 | B19: นางสาวพรรณปพร นันทอินทร์ | C19: 268 ถ.ป่าทม ต.หัวเวียง อ.เมือง จ.ลำปาง | D19: 065-9498831 | E19: 5500 | F19: 0 | G19: 0 | H19: 0 | I19: 8 | J19: 20 | K19: 201/0004-2566 | L19: 2025-10-26 00:00:00 | N19: 100
A20: 301 | B20: นางสาวประภาพร แก่นภูเลิศ | C20: 128 หมู่ที่ 16 ต.แสนสุข อ.วาริณชำราบ จ.อุบลราชธานี | D20: 065-9550919 | E20: 5500 | F20: 0 | G20: 0 | H20: 0 | I20: 8 | J20: 20 | K20: 301/0002-2569 | L20: 2026-01-30 00:00:00 | N20: 100
A21: 302 | B21: นางสาวศิริยาพร เพชรศรี | C21: 9 หมู่ที่ 7 ต.แป-ระ อ.ท่าแพ จ.สตูล | D21: 064-0915256 | E21: 5500 | F21: 0 | G21: 0 | H21: 0 | I21: 8 | J21: 20 | K21: 302/0001-2569 | L21: 2026-05-01 00:00:00 | M21: เข้า 1 พ.ค.69 | N21: 100
A22: 303 | B22: นางสาวรตินันท์ เพชรศรีช่วง | C22: 543 ถ.สมเด็จเจ้าพระยา แขวงคลองสาน เขตคลองสาน กทม | D22: 064-202-2525 | E22: 4900 | F22: 0 | G22: 250 | H22: 50 | I22: 5 | J22: 15 | K22: 303/0001-2560 | L22: 2024-12-01 00:00:00 | N22: 0
A23: 304 | B23: นางสาวปัทมพร ทูลธรรม | C23: 161 หมู่ที่ 1 ต.ปางกู่ อ.โนนสัง จ.หนองบัวลำภู | D23: 098-1432642 | E23: 5500 | F23: 0 | G23: 0 | H23: 0 | I23: 8 | J23: 20 | K23: 304/0002-2569 | L23: 2026-01-16 00:00:00 | N23: 100
A24: 305 | B24: นางสาวบัณฑิตา จันทร์พรหม | C24: 20 ม.6 ต.กระเฉด อ.เมือง จ.ระยอง | D24: 095-2695431 | E24: 5500 | F24: 0 | G24: 0 | H24: 0 | I24: 8 | J24: 20 | K24: 305/0007-2568 | L24: 2025-05-30 00:00:00 | N24: 100
A25: 306 | B25: นางสาวภูษิตา หล่อลีฬหา | C25: 19 ตรอกสุขมาศ ต.ในเมือง อ.เมืองนครราชศรีมา จ.นครราชศรีมา | D25: 063-0566162 | E25: 5500 | F25: 0 | G25: 0 | H25: 0 | I25: 8 | J25: 20 | K25: 306/0001-2569 | L25: 2026-05-04 00:00:00 | M25: เข้า 4 พ.ค.69 | N25: 100
A26: 307 | B26: นางสาวพัชรี พุทธรุฯณ | C26: 159 ม.8 ต.เวียง อ. เชียงคำ จ.พะเยา | D26: 061-5735125 | E26: 5500 | F26: 0 | G26: 0 | H26: 0 | I26: 8 | J26: 20 | K26: 307/0004-2568 | L26: 2025-08-10 00:00:00 | N26: 100
A27: 308 | B27: นางสาววีรวรรณ สังข์ทอง | C27: 117 ม. 5 ต.น้ำจืดน้อย อ.กระบุรี จ.ระนอง | D27: 084-4122517 | E27: 815 | F27: 0 | G27: 0 | H27: 0 | I27: 8 | J27: 20 | K27: 308/0005-2565 | L27: 2024-12-23 00:00:00 | N27: 100
A28: 309 | B28: นางสาวนวรัตน์ ศรีสงคราม | C28: 90 หมู่ที่ 1 ต.แก้งกอก อ.ศรีเมืองใหม่ จ.อุบลราชธานี | D28: 064-9148892 | E28: 5500 | F28: 0 | G28: 0 | H28: 0 | I28: 8 | J28: 20 | K28: 309/004-2562 | L28: 2025-09-29 00:00:00 | N28: 100
A29: 310 | B29: นางสาวปวีณ์ธิดา ต้นจันทน์ | C29: 208 ต.บางกระสอ อ.มือง จ.นนทบุรี | D29: 095-5086058 | E29: 5500 | F29: 0 | G29: 0 | H29: 0 | I29: 8 | J29: 20 | K29: 302/0006-2568 | L29: 2025-06-28 00:00:00 | N29: 100
A30: 311 | B30: นางสาวปนิตา เครือศิริ | C30: 237 ม.2 ต.บึงสามพัน อ.บึงสามพัน จเพชรบูรณ์ | D30: 648763713 | E30: 5500 | F30: 0 | G30: 0 | H30: 0 | I30: 8 | J30: 20 | K30: 311/0007-2568 | L30: 2025-03-30 00:00:00 | M30: ค่าเช่าตู้เย็น | N30: 100
A31: 312 | B31: นางสาวปิ่นนภา ยิ่งยงค์ | C31: 63 ม.4 ต.โพนยาง อ.วังหิน จ.ศรีสะเกษ | D31: 096-5099164 | E31: 5500 | F31: 0 | G31: 0 | H31: 0 | I31: 8 | J31: 20 | K31: 312/0005-2568 | L31: 2025-07-30 00:00:00 | N31: 100
A32: 313 | E32: 0 | F32: 0 | G32: 0 | H32: 0 | I32: 8 | J32: 20 | K32: 313/0003-2568 | M32: ออก 10 พ.ค.69 | N32: 100
A33: 314 | B33: นางสาวธัญวรัตน์ ฤทธิสาคร | C33: 42/3 หมู่ที่ 4 ต.ควนปริง อ.เมืองตรัง จ.ตรัง | D33: 082-2756970 | E33: 5500 | F33: 0 | G33: 0 | H33: 0 | I33: 8 | J33: 20 | K33: 314/0001-2569 | L33: 2026-03-30 00:00:00 | N33: 100
A34: 315 | B34: นางสาวพิชญ์สิตา ศุภศาสตร์วงศ์ | C34: 386/3 ต.โนนสูง อ.โนนสูง จ.นครราชสีมา | D34: 095-0309923 | E34: 5500 | F34: 0 | G34: 0 | H34: 0 | I34: 8 | J34: 20 | K34: 315/0004-2568 | L34: 2025-01-11 00:00:00 | M34: ค่าเช่าตู้เย็นเล็ก | N34: 100
A35: 316 | B35: นางสาวพรรณพัชร วราภรณ์ | C35: 15/3 ม.3 ต.ท่าซอม อ.หัวไทร จ.นครศรีธรรมราช | D35: 092-7696515 | E35: 4900 | F35: 0 | G35: 0 | H35: 0 | I35: 8 | J35: 20 | K35: 316/0003-2566 | L35: 2023-06-22 00:00:00 | N35: 100
A36: 317 | E36: 0 | F36: 0 | G36: 0 | H36: 0 | I36: 8 | J36: 20 | K36: 317/0002-2568 | N36: 100
A37: 318 | B37: นางสาวโยธิกานต์ ภิญโญ | C37: 53/4 หมู่ที่ 2 ตนาท่ามเหนือ อ.เมืองตรัง จ.ตรัง | D37: 089-6528780 | E37: 5500 | F37: 0 | G37: 0 | H37: 0 | I37: 8 | J37: 20 | K37: 318/0001-2569 | L37: 2026-03-31 00:00:00 | N37: 100
A38: 401 | B38: นายณัฐนันท์ อินทัศน์ | C38: 987/1 ต.ชะอำ อ.ชะอำ จ.เพชรบุรี | D38: 094-8059091 | E38: 5500 | F38: 0 | G38: 0 | H38: 0 | I38: 8 | J38: 20 | K38: 401/0004-2568 | L38: 2025-05-31 00:00:00 | N38: 100
A39: 402 | B39: shu jie | D39: 096-869-4864 | E39: 4900 | F39: 0 | G39: 0 | H39: 0 | I39: 8 | J39: 20 | K39: 402/0001-2560 | L39: 2017-04-21 00:00:00 | N39: 100
A40: 403 | B40: นายรัฐธรรมนูญ สังข์ไพฑูรย์ | C40: 4 หมู่ที่ 4 ต.ปากแตระ อ.ระโนด จ.สงขลา | D40: 063-5075237 | E40: 5500 | F40: 0 | G40: 0 | H40: 0 | I40: 8 | J40: 20 | K40: 403/0006-2568 | L40: 2025-12-28 00:00:00 | N40: 100
A41: 404 | B41: นางสาวเจนจิรา งิมขุนทด | C41: 7 ม. 14 ต.เขาชนกัน อ.แม่วงก์ จ.นครสวรรค์ | D41: 096-9894738 | E41: 4900 | F41: 0 | G41: 0 | H41: 0 | I41: 8 | J41: 20 | K41: 404/0005-2566 | L41: 2023-07-02 00:00:00 | N41: 100
A42: 405 | B42: นายประกฤษฏิ์ สุทธิเนียม | C42: 36 ม.9 ต.ขุนทะเล อ.เมือง จ.สุราษฎร์ธานี | D42: 082-4154469 | E42: 4900 | F42: 0 | G42: 0 | H42: 0 | I42: 8 | J42: 20 | K42: 405/0003-2565 | L42: 2022-08-28 00:00:00 | M42: ค่าจอดรถ | N42: 100
A43: 406 | B43: นางสาวพนิตพร ไชยสุริยงค์ | C43: 17 ถ.สมเด็จเจ้าพระยา เขตคลองสาน กทม. | D43: 065-2968016 | E43: 4900 | F43: 0 | G43: 0 | H43: 0 | I43: 8 | J43: 20 | K43: 406/0006-2566 | L43: 2023-08-01 00:00:00 | M43: เช่าตู้เย็น | N43: 100
A44: 407 | B44: นายอนุสิษฐ์ ปีติเลิศวงศ์ | C44: 14/195 หมู่ที่ 2 ต.บ้านกลาง อ.เมืองปทุมธานี จ.ปทุมธานี | D44: 092-8470965 | E44: 5500 | F44: 0 | G44: 0 | H44: 0 | I44: 8 | J44: 20 | K44: 407/0001-2569 | L44: 2026-01-05 00:00:00 | N44: 100
A45: 408 | B45: นางสาวสุรภา คุ้มถือทองสุข | C45: 42/2 หมู่ที่ 4 ต.แม่จั๊วะ อ.เด่นชัย จ.แพร่ | D45: 096-2565189 | E45: 5500 | F45: 0 | G45: 0 | H45: 0 | I45: 8 | J45: 20 | K45: 408/0001-2569 | L45: 2026-02-19 00:00:00 | N45: 100
A46: 409 | B46: นางสาวณัฐพร ภู่ทรัพย์ | C46: 41 ต.บางเขน อ.เมือง จ.นนทบุรี | D46: 091-7019968 | E46: 4900 | F46: 0 | G46: 0 | H46: 0 | I46: 8 | J46: 20 | K46: 409/0006-2567 | L46: 2024-06-30 00:00:00 | M46: เช่าตุ้เย็น | N46: 100
A47: 410 | B47: นางสาวอรปรียา เพชรเนียม | C47: 16/2 ซ.นนทบุรี 33 ต.ท่าทราย อ.เมองนนทบุรี จ.นนทบุรี | D47: 095-9598436 | E47: 5500 | F47: 0 | G47: 0 | H47: 0 | I47: 8 | J47: 20 | K47: 410/0001-2569 | L47: 2026-03-30 00:00:00 | N47: 100
A48: 411 | B48: นางสาวจินตหรา จากกรุง | C48: 15/7 หมู่ที่ 9 ต.เขาคีริส อ.พรานกระต่าย จ.กำแพงเพชร | D48: 099-2890673 | E48: 5500 | F48: 0 | G48: 0 | H48: 0 | I48: 8 | J48: 20 | K48: 411/0001-2568 | L48: 2025-12-30 00:00:00 | N48: 100
A49: 412 | B49: นายสุทธิศักดิ์ ภู่เจริญยศ | C49: 80/4 ม.6 ต.วังธง อ.เมือง จ.แพร่ | D49: 082-3841787 | E49: 4900 | F49: 0 | G49: 0 | H49: 0 | I49: 8 | J49: 20 | K49: 412/0006-2567 | L49: 2024-12-20 00:00:00 | N49: 100
A50: 413 | B50: นางสาวอุบลรัตน์ วงสาเคน | C50: 85/2 หมู่ที่ 7 ต.เวินพระบาท อ.ท่าอุเทน จ.นครพนม | D50: 064-0079917 | E50: 4900 | F50: 0 | G50: 250 | H50: 50 | I50: 5 | J50: 15 | K50: 413/0002-2565 | L50: 2024-12-21 00:00:00 | N50: 0
A51: 414 | B51: นางสาวเบญญาภา สุระกำแพง | C51: 7/12 แขวงหัวหมาก เขตบางกะปิ กทม. | D51: 065-8462153 | E51: 4900 | F51: 0 | G51: 0 | H51: 0 | I51: 8 | J51: 20 | K51: 414/0006-2567 | L51: 2024-06-27 00:00:00 | N51: 100
A52: 415 | B52: นางสาวจุฑามาศ คงทน | C52: 8 หมู่ที่ 8 ต.สองห้อง อ.เมืองบุรีรัมย์ จงบุรีรัมย์ | D52: 083-0712172 | E52: 5500 | F52: 0 | G52: 0 | H52: 0 | I52: 8 | J52: 20 | K52: 415/000ต-2568 | L52: 2025-09-25 00:00:00 | N52: 100
A53: 416 | B53: นางสาวมาริสา อาชาฤทธิ์ | C53: 63/1 หมู่ที่ 8 ต.กะเปอร์ อ.กะเปอร์ จ.ระนอง | D53: 098-514-9300 | E53: 4900 | F53: 0 | G53: 0 | H53: 0 | I53: 8 | J53: 20 | K53: 416/0002-2563 | L53: 2020-04-28 00:00:00 | N53: 100
A54: 417 | B54: คุณเชิดศักดิ์ ลิมปนะวรรณกูล | C54: 33/2 หมู่ที่ 1 ต.บางแก้ว อ.เมือง จ.ฉะเชิงเทรา | D54: 081-804-5954 | E54: 4900 | F54: 0 | G54: 250 | H54: 50 | I54: 5 | J54: 15 | K54: 417/0003-2561 | L54: 2018-10-14 00:00:00 | N54: 0
A55: 418 | B55: นางสาว อริสา ภูทองแน่น | C55: 55 ซ.2 ต.บางแสนล่าง อ.เมือง จ.ชลบุรี | D55: 090-9869681 | E55: 5500 | F55: 0 | G55: 0 | H55: 0 | I55: 8 | J55: 20 | K55: 418/0006-2568 | L55: 2025-04-06 00:00:00 | N55: 100
A56: 501 | B56: นายวรายุทธ สุสิมานนท์ | C56: 1365/18 ถนนสามพระยา ต.ชะอำ อ.ชะอำ จ.เพชรบุรี | D56: 091-8781740 | E56: 5900 | F56: 0 | G56: 0 | H56: 0 | I56: 8 | J56: 20 | K56: 501/0002-2568 | L56: 2025-12-27 00:00:00 | N56: 100
A57: 502 | B57: นายเจษฏาวุธ อ่อนลา | C57: 137 ม.6 ต.สุขสวัสดิ์ อ.ไพรบึง จ.ศรีส้เกษ | D57: 094-9966003 | E57: 5900 | F57: 0 | G57: 0 | H57: 0 | I57: 8 | J57: 20 | K57: 502/0002-2567 | L57: 2024-12-31 00:00:00 | N57: 100
A58: 503 | B58: นางสาวดารุณี ภูมิภักดิ์ | C58: 20/358 ซ.พหลโยธิน 54/1 ข.คลองถนน เขตสายไหม จ.กรุงเทพ | D58: 062-5939691 | E58: 5500 | F58: 0 | G58: 0 | H58: 0 | I58: 8 | J58: 20 | K58: 503/001-2568 | L58: 2025-12-30 00:00:00 | N58: 100
... A65: 510 | B65: นายสุชาติ แก้วเสริมศักดิ์ | C65: 44/189 แขวงบางค้อ เขตจอมทอง กทม. | D65: 086-9981598 | E65: 5300 | F65: 0 | G65: 0 | H65: 0 | I65: 8 | J65: 20 | K65: 510/0002-2567 | L65: 2024-06-01 00:00:00 | N65: 100
A66: 511 | B66: กุ้ง หน้าร้าน | E66: 0 | F66: 0 | G66: 0 | H66: 0 | I66: 8 | J66: 20 | K66: 511/0002-2566 | L66: 2023-10-10 00:00:00 | N66: 100
A67: 512 | B67: นายเกียรติไพบูลญ์ เทพภิบาล | C67: 79 ม.9 ต.ธวัชบุรี อ.ธวัชบุรี จ.ร้อยเอ็ด | D67: 094-5768718 | E67: 5900 | F67: 0 | G67: 0 | H67: 0 | I67: 8 | J67: 20 | K67: 505/0004-2568 | L67: 2025-07-19 00:00:00 | N67: 100
A68: 513 | B68: นางสาวกรชนก หาดกระโทก | C68: 59/59 หมู่ที่ 5 ต.ท้ายบ้าน อ.เมืองสมุทรปราการ จ.สมุทรปราการ | D68: 063-1529564 | E68: 5900 | F68: 0 | G68: 0 | H68: 0 | I68: 8 | J68: 20 | K68: 513/0001-2569 | L68: 2026-03-31 00:00:00 | N68: 100
A69: 514 | B69: นางสาวชลณิชา เมืองเหลา | C69: 52/2 ม.3 ต.กุดจับ อ.กุดจีล จ.อุดรธานี | D69: 062-2346190 | E69: 5300 | F69: 0 | G69: 0 | H69: 0 | I69: 8 | J69: 20 | K69: 514/0002-2567 | L69: 2024-06-01 00:00:00 | M69: รอย้ายออก 31 พ.ค.69 | N69: 100
A70: 515 | B70: นายวีรวัฒน์ แก้วชิงดวง | C70: 8 ตรอกวัดมหาธาตุ ถ.นอก ต.คลองกระแชง อ.เมือง จ.เพชรบุรี | D70: 094-6188087 | E70: 5900 | F70: 0 | G70: 0 | H70: 0 | I70: 8 | J70: 20 | K70: 515/0005-2568 | L70: 2025-09-26 00:00:00 | N70: 100
A71: 516 | B71: นางสาวจิราภรณ์ คำศรี | C71: 28 ม.1 ต.เมืองทอง อ.เมือง จ.ราชบุรี | D71: 081-1010032 | E71: 5300 | F71: 0 | G71: 0 | H71: 0 | I71: 8 | J71: 20 | K71: 516/0003-2566 | L71: 2023-11-02 00:00:00 | N71: 100
A72: 517 | B72: นายประสิทธิ์ เชื่อถิอ | C72: 385 ถ.สมเด็จเจ้าพระยา เขตคลองสาน กทม. | D72: 083-1545969 | E72: 5900 | F72: 0 | G72: 0 | H72: 0 | I72: 8 | J72: 20 | K72: 517/0004-2568 | L72: 2025-07-30 00:00:00 | N72: 100
A73: 518 | B73: นางสาวศิวพร รักษาสัตย์ | C73: 15/2 ม.8 ต.สะเดียง อ.เมือง จ.เพชรบูรณ์ | D73: 080-9153532 | E73: 5900 | F73: 0 | G73: 0 | H73: 0 | I73: 8 | J73: 20 | K73: 501-0004-2568 | L73: 2025-06-13 00:00:00 | N73: 100
A74: 601 | E74: 0 | F74: 0 | G74: 0 | H74: 0 | I74: 8 | J74: 20 | N74: 100
A75: 602 | B75: นายธีรกรณ์ อุ่นแก้ว | C75: 113 หมู่ที่ 3 ต.ทุ่งเทิง อ.เดชอุดม จ.อุบลราชธานี | D75: 085-8854083 | E75: 5900 | F75: 0 | G75: 0 | H75: 0 | I75: 8 | J75: 20 | K75: 602/0001-2569 | L75: 2026-01-30 00:00:00 | N75: 100
A76: 603 | B76: นางสาวมะลิ บุบผามาลัย | C76: 27 หมู่ที่ 5 ต.บ้านกู่ อ.ยางสีสุราช จ.มหาสารคาม | D76: 082-0322296 | E76: 5900 | F76: 0 | G76: 0 | H76: 0 | I76: 8 | J76: 20 | K76: 603/0005-2568 | L76: 2025-10-11 00:00:00 | M76: มีตู้เย็น 1/11/68 รอย้ายออก 28 พ.ค.69 | N76: 100
A77: 604 | E77: 0 | F77: 0 | G77: 0 | H77: 0 | I77: 8 | J77: 20 | K77: 604/0004-2568 | N77: 100
A78: 605 | E78: 0 | F78: 0 | G78: 0 | H78: 0 | I78: 8 | J78: 20 | K78: 605/001-2569 | N78: 100
A79: 606 | B79: นางสาวพิชิตา พวงแก้ว | C79: 101/1 หมู่ที่ 1 ต.ไม้รูด ต.คลองใหญ่ จ.ตราด | D79: 083-2542676 | E79: 5900 | F79: 0 | G79: 0 | H79: 0 | I79: 8 | J79: 20 | K79: 606/0005-2568 | L79: 2025-09-28 00:00:00 | N79: 100
A80: 607 | B80: นายอุกฤษกิ์ รอดอ่อน | C80: 38/1 ม.4 ต.เกาะเปียะ อ.ย่านนาวา จ.ตรง | D80: 0965-3176324 | E80: 5900 | F80: 0 | G80: 0 | H80: 0 | I80: 8 | J80: 20 | K80: 607/0003-2568 | L80: 2025-08-31 00:00:00 | N80: 100
A81: 608 | B81: นางสาวทิพย์วารี ทองเนตร | C81: 109 ม.5 ต.กุดจอก อ.หนองมะโมง จ.ชัยนาท | D81: 097-1862683 | E81: 5900 | F81: 0 | G81: 0 | H81: 0 | I81: 8 | J81: 20 | K81: 608/0003-2568 | L81: 2025-07-31 00:00:00 | M81: มีตู้เย็น 5/9/68 | N81: 100
A82: 609 | B82: นางสาวณภัทรนภา รัตนกุญชร | C82: 99 หมู่ที่ 1 ต.โสธร อ.เมืองฉะเชิงเทรา จ.ฉะเชิงเทรา | D82: 093-3636947 | E82: 5900 | F82: 0 | G82: 0 | H82: 0 | I82: 8 | J82: 20 | K82: 609/0001-2569 | L82: 2026-01-04 00:00:00 | N82: 100
A83: 610 | B83: นางสาวประพิชญา มาลัย | C83: 24 แขวงบางบอน อ.บางบอน จ.กรุงเทพ | D83: 086-3975510 | E83: 5900 | F83: 0 | G83: 0 | H83: 0 | I83: 8 | J83: 20 | K83: 610/0002-2568 | L83: 2025-12-27 00:00:00 | N83: 100
A84: 611 | B84: นายทินมูล สันติชัยณรง | C84: 622/10 ซ.เพิ่มสิน 20 แยก 5-3 ข.คลองถนน เขตสายไหม กรุงเทพมหานคร | D84: 093-7096156 | E84: 5900 | F84: 0 | G84: 0 | H84: 0 | I84: 8 | J84: 20 | K84: 611/0001-2569 | L84: 2026-05-03 00:00:00 | M84: ย้ายเข้า 3 พ.ค.69 | N84: 100
A85: 612 | B85: นางสาวอริสา ลออ | C85: 107/72 ม.10 ต.วัดไทร อ.เมือง จ.นครสวรรค์ | D85: 081-4499209 | E85: 5500 | F85: 0 | G85: 0 | H85: 0 | I85: 8 | J85: 20 | K85: 611/0003-2567 | L85: 2024-06-29 00:00:00 | N85: 100
A86: 613 | E86: 0 | F86: 0 | G86: 0 | H86: 0 | I86: 8 | J86: 20 | K86: 613/0003-2568 | N86: 100
A87: 614 | B87: นายอรรถนนท์ อานนท์ | C87: 73ห1001 แขวงดุสิต เขตดุสิต กทม. | D87: 094-1914101 | E87: 5900 | F87: 0 | G87: 0 | H87: 0 | I87: 8 | J87: 20 | K87: 614/0005-2568 | L87: 2025-07-05 00:00:00 | N87: 100
A88: 615 | E88: 0 | F88: 0 | G88: 0 | H88: 0 | I88: 8 | J88: 20 | K88: 615/0006-2568 | N88: 100
A89: 616 | B89: นางสาวฟารีณีย์ สือนิ | C89: 26/2 หมู่ที่ 1 ต.บาเระใต้ อ.บาเจาะ จ.นราธิวาส | D89: 080-1450715 | E89: 5900 | F89: 0 | G89: 0 | H89: 0 | I89: 8 | J89: 20 | K89: 616/0004-2564 | L89: 2026-01-31 00:00:00 | N89: 100
A90: 617 | B90: นางสาวธัญญาลักษณ์ รุ่งเรื่อง | C90: 367/1 ม.7 ต.ท่าขุนราม อ.เมือง จ..กำแพงเพชร | D90: 082-5436456 | E90: 5900 | F90: 0 | G90: 0 | H90: 0 | I90: 8 | J90: 20 | K90: 617/0004-2568 | L90: 2025-07-07 00:00:00 | M90: มีตู้เย็น รอออก 31 พฤษภาคม | N90: 100
A91: 618 | B91: คุณมะลิวัลย์ บานเพชร | C91: 13/2 หมู่ที่ 11 ต.คุ้มเก่า อ.เขาวง จ.กาฬสินทร์ | D91: 086-329-7415 | E91: 4900 | F91: 0 | G91: 250 | H91: 50 | I91: 5 | J91: 15 | K91: 618/0004-2566 | L91: 2023-02-01 00:00:00 | N91: 0
